edge_index,mean_fc_z_across_windows,std_fc_z_across_windows
0,1.078316256195747,0.3267540702434762
1,0.2959422194379825,0.4713639895941111
2,0.7441586197878525,0.37443487281421833
3,0.35568793911263047,0.40231214712397356
4,0.952122810789506,0.252146309088951
5,0.7885789280885679,0.4009694802058218
6,0.25810079300584565,0.29146408402256035
7,0.515380423056648,0.42707446693737205
8,0.41089469523359545,0.45305210884129066
9,0.5389848253092975,0.41420848751015477
10,0.6848759405341192,0.36509931911248067
11,0.7685255978735608,0.34201762105012656
12,0.3381612057275735,0.4560475587864077
13,0.5066905122199594,0.24822551331186285
14,0.49588500544114433,0.29936376456819713
15,0.3557848710413525,0.3399659898511881
16,0.6143414630875333,0.37184866974782516
17,0.4835254210058666,0.2927382369584794
18,0.7991292823467478,0.2630479546066653
19,0.7176513476850872,0.3183975746587281
20,0.35270155105045864,0.35045341249210954
21,0.6870356957279962,0.44976514086552144
22,0.42321444510826967,0.4059380133444898
23,0.6097943887801697,0.39880066497002264
24,0.6537785369048861,0.389419233407934
25,0.4113724657762229,0.4483743270213601
26,0.4424355889893942,0.16868920621449282
27,0.6893428283672303,0.36715489546605073
28,0.7062789611284216,0.3813637733978169
29,0.49674354625661943,0.426186130106312
30,0.15373504964799717,0.16338388061255318
31,0.5236328811958398,0.31037529989117074
32,0.5016569372922064,0.3766845479286047
33,0.5482764314290153,0.4088580294215437
34,0.06267250687404231,0.22831343284181363
35,0.45226612106357805,0.32767534449469454
36,0.7673428312538199,0.33988908293579106
37,0.7435347466484612,0.31648371167556766
38,0.6344322103154477,0.3880625020672858
39,0.7722636093996982,0.33116751294039565
40,0.445826173913382,0.35507590528449967
41,0.5386063060712968,0.3923688120228591
42,0.24297068953165651,0.5074254243567661
43,0.5506099869713509,0.3822334805348221
44,0.5201039544401712,0.39642994748608174
45,0.5537933894475392,0.4036329001197933
46,0.3889994151191321,0.4379076111542082
47,0.19580265795509355,0.2871476845154977
48,0.40971818717997216,0.3284850029254829
49,0.377718246503085,0.41978716626857737
50,0.40190328767862404,0.42321978034706537
51,0.17354612114136178,0.328767448576568
52,0.4678567052625834,0.24630892192749854
53,0.510782134028471,0.27219039045465215
54,0.26420072988449356,0.27167172175745624
55,0.32950265026058734,0.3779293519096032
56,0.3098637729306629,0.2290793289768699
57,0.3218628824586378,0.2396985221119931
58,0.6351071536269001,0.37546580384507533
59,0.5689547093490517,0.3401180144822287
60,0.11125528834283759,0.2843081575545313
61,0.45684368926994884,0.42222858862916557
62,0.1672173060483088,0.4386840263126242
63,0.21920996827590172,0.20857760305090167
64,0.33950656156793485,0.4031949525996094
65,0.26601257891413194,0.35340078838414046
66,0.18097146613283385,0.5473612315806017
67,1.040336907591764,0.40113081175836973
68,0.7971939134385415,0.4509870117288794
69,0.9994060829083704,0.23312992857824089
70,0.6526220453754611,0.3552183659361922
71,0.23711786515990277,0.21395346770758103
72,0.7755071485717678,0.5019759897195132
73,0.6614222030965657,0.4979974640349146
74,0.5630568973612925,0.47168684109146514
75,0.9997248960181083,0.43528074465175326
76,0.8698505553146777,0.3396163737612941
77,0.652946675327949,0.4555210400052799
78,0.629601273355413,0.29437682984310104
79,0.6929852065838344,0.30483481461527373
80,0.6089811106507396,0.3357185533337894
81,0.8270349225110201,0.39133570094986225
82,0.409293357941138,0.35379961443066815
83,0.9516046731659918,0.31417442136819246
84,0.7182859253987922,0.26929771470877334
85,0.39129570695301163,0.3898025702423273
86,0.6873243018348094,0.3704804936158875
87,0.5520431216658405,0.4869821772933964
88,0.7520543610985262,0.3926859057922729
89,0.8553520550234837,0.45899022709805176
90,0.7095025042967112,0.496953544161741
91,0.590916295838406,0.23794713148736715
92,0.9090638905336023,0.45213938909324186
93,0.8066020941811217,0.5081971161096628
94,0.8223229125601242,0.4503006555069627
95,0.209821232187994,0.20751522384565582
96,0.7821876184852405,0.32626391313767733
97,0.8455047341831162,0.38289000070648505
98,0.8230394416206533,0.3904208684578919
99,0.17095074975929744,0.20609274445439107
100,0.5944040376093754,0.3524468302266034
101,0.9679047220816356,0.25656589904018917
102,0.8338574726552745,0.26338149281527323
103,0.5769171032949947,0.38336400744872967
104,0.6888985205831278,0.30050989523042476
105,0.36916839469064006,0.38357876688667036
106,0.7185095564786673,0.43967192259931787
107,0.569223744841168,0.5383717717478975
108,0.5551179492193387,0.4681379226679534
109,0.8958582093672075,0.43869199974390427
110,0.7375459203825504,0.475967434650201
111,0.801516304437616,0.4568406413893671
112,0.280190208730116,0.2864049876699313
113,0.6780734515480062,0.2891934710052068
114,0.719549278211737,0.3869618058453615
115,0.7439512394194885,0.4356830622547329
116,0.2940316622125664,0.2778101509563294
117,0.7920531694813019,0.2552874910741399
118,0.6878911196545863,0.2964559775878703
119,0.45205923206368614,0.3087647061008647
120,0.4144496608745664,0.3832171343386931
121,0.4765039113154439,0.2789390922701951
122,0.411214905920284,0.270940890030476
123,0.6999852192888659,0.33008532741981844
124,0.5992939658383385,0.3162675052526739
125,0.19481923938857904,0.2573702179260121
126,0.795456169642578,0.35717815901456673
127,0.5943108396007944,0.4119662539089852
128,0.2177063768646827,0.22399167363156655
129,0.7039011294345868,0.40937832651977557
130,0.3322338788604625,0.3738516256840377
131,-0.034934578695115515,0.5394149628485123
132,-0.3303775662325801,0.4410733092415522
133,0.4545526409656184,0.5146294732362083
134,0.6222233391495009,0.35741808511629897
135,0.2539008585522774,0.2883114915027945
136,-0.12182396761517372,0.5173367668820316
137,-0.11504277310410374,0.5305340445141602
138,0.60710953956851,0.31610524980518356
139,-0.007695255208675595,0.5435875867614695
140,-0.033679268000263815,0.5383836404702315
141,-0.25919975284004354,0.4110135421875698
142,0.411284235598786,0.34132821832548466
143,0.03454180518051995,0.35062450604121903
144,-0.23418596557904794,0.4275517849177265
145,-0.048954530910765647,0.5414371185361568
146,0.34560482608369664,0.38445034877464557
147,0.27880862831271297,0.4513870670224536
148,0.2709532499852937,0.41664815057755583
149,0.07561550819441151,0.5225896350106453
150,0.3747616731126651,0.4209891690303885
151,0.5697954766828798,0.38291645281428005
152,0.1362139029638104,0.5152114143073132
153,-0.036426505134521656,0.5758678644272915
154,-0.10222686269899492,0.5805791929369298
155,0.24941046711717213,0.3664755401177443
156,-0.018606219107955197,0.5584820851933794
157,0.05835685346809799,0.5169951877393987
158,-0.15558321058874283,0.5753976787850034
159,0.32910604868655596,0.25397280901595554
160,0.3868002510643638,0.4129463259948599
161,-0.018411681975680032,0.4986353670688232
162,-0.0386166550332336,0.5469465816104218
163,-0.061672434834843415,0.1341139518585461
164,0.0005804220123171167,0.49291100635998364
165,0.27319568474608313,0.48004225125754363
166,0.4488705971155904,0.44332942121926594
167,0.4927752053337221,0.4698286005507274
168,0.5936635338494526,0.3822307611276846
169,0.5650285840560728,0.3053595013906339
170,-0.005983026599446716,0.5275115145567347
171,-0.20368632701046713,0.476288809528048
172,0.8204462845708829,0.34067936765077733
173,-0.01649374228459062,0.5900336042027067
174,-0.05059382475502289,0.5356983583654278
175,-0.2423140958407902,0.46053806632571914
176,0.44428423617726276,0.3458969986305957
177,0.22168715563160063,0.3613509892617146
178,-0.009592476956497129,0.49916996867076635
179,-0.13281139792671529,0.4998569983738455
180,0.36390103587627637,0.3221496695224353
181,0.14294346049649473,0.37156974823624833
182,0.11571825555313232,0.3859520200584138
183,0.009489144296254685,0.3939299461073552
184,0.15208123017566844,0.36589347993359866
185,-0.009842602931181955,0.3434218501819191
186,-0.016084905393631135,0.22646483427872044
187,-0.008178719108057998,0.3628673099237974
188,0.2178154224303389,0.36945600256104055
189,-0.1705755677007098,0.40091781668413434
190,-0.10677307880189119,0.4878239500303395
191,-0.31244495521654825,0.4166114511291661
192,-0.13022390765800035,0.23579599485724287
193,-0.44007276000289625,0.5008497663691978
194,-0.42755962390961505,0.4623072116270757
195,1.3944345010590833,0.5115398659290479
196,0.8303299063270559,0.40070143471603853
197,0.5537017469296688,0.3944042993415404
198,0.06300753885427908,0.270809774244447
199,1.212065423186824,0.5769452586900934
200,1.0319149513241368,0.4690565614807438
201,0.31854866173022117,0.44584527686890935
202,1.3108173392126141,0.4728232939350372
203,0.9145256616300567,0.43742052966905876
204,1.1682504095631179,0.530705320797432
205,0.5688599127076686,0.37633061891357583
206,0.9616737989923351,0.3346124268783822
207,0.9936865293383413,0.4165608831426117
208,1.2737714141160725,0.48520253336368846
209,0.42176193659061606,0.4167860956339926
210,0.8830041862672398,0.42710793952599857
211,0.5927700522297121,0.3421025257523913
212,0.36527151834785176,0.43251062634480886
213,0.5288511354825597,0.37405581201269433
214,0.31602648006247064,0.5439037481472035
215,0.5702685370743168,0.43686001736338986
216,1.123459202948303,0.5576023519328798
217,1.052296143700303,0.48486598276373416
218,0.5818789795653834,0.3195158235780494
219,1.2197086765200347,0.534152080353059
220,0.8634414412928496,0.5583373515525122
221,1.363037660502313,0.5666120552870451
222,0.16164646425289994,0.2747420395015641
223,0.6567959053290174,0.3911296551693952
224,1.0540773760475022,0.4593969197706348
225,1.2970633174919193,0.444760046382345
226,0.20353236650548265,0.20667528732235488
227,0.6862073976379884,0.42778044326235487
228,0.7580978648595718,0.3239326051105396
229,0.5072759507262656,0.336915193407372
230,0.34647392157845336,0.41683561011459574
231,0.3769953980753334,0.32930073032841545
232,0.13315592620067296,0.45872676444871574
233,1.028418611983046,0.449908506624385
234,0.8551721372880419,0.5996032562750233
235,0.3052431057280984,0.5235447752721704
236,1.2757718511574467,0.51546641175193
237,0.8478540925652664,0.5198604292853348
238,1.245449497475777,0.5654026742942427
239,0.1602128850420043,0.30955630210373664
240,0.7191827481396427,0.3588448581436921
241,1.050514927784222,0.4585416566294176
242,1.1755220902063752,0.487169291807454
243,0.14923418328075563,0.316947797169003
244,0.7035686024254804,0.32393488092875594
245,0.6008414891437961,0.31427802099796087
246,0.4331721167615642,0.36418486307565506
247,0.29440972648135016,0.34772861276890593
248,0.43689667976427826,0.3130020640637802
249,0.39276354450260514,0.2987665043326446
250,0.6401151386308093,0.40826875820388553
251,0.2333838160768842,0.30468152020498135
252,0.09320099654279396,0.34028413612387176
253,0.9838076814739066,0.5300625671444804
254,1.0090506430739303,0.45776039307980587
255,0.1354766444634223,0.24307187887373824
256,0.8065676866006831,0.5035092605011037
257,0.4735240135311344,0.4242484334047012
258,0.4897847697271918,0.40910235048095517
259,0.2625613211276099,0.381558796333307
260,-0.10603777254733367,0.24535284039764477
261,1.0435389248162823,0.5598216681199489
262,0.9016752224360062,0.4685726347310299
263,0.13613034687702413,0.42271771547996845
264,1.1243412813796927,0.5106234203307117
265,0.7778247274878578,0.4786051828285823
266,1.3703236979574422,0.49893542482254327
267,0.38233724604240976,0.3991041576938101
268,0.8711057118730217,0.38583695453111067
269,1.1123878117377768,0.4236648021868165
270,1.1398013877697064,0.5599717455286631
271,0.1699011516280515,0.4435481779411451
272,0.6599880548753652,0.48352650211882636
273,0.48612098147462685,0.3939512256107184
274,0.3616118589230547,0.5049775174328239
275,0.31575047060133415,0.3898288395526658
276,0.16236222347291285,0.5244080989232852
277,0.39722236394212035,0.4357430955643557
278,0.8896300923495566,0.57100845032773
279,0.9475531594591301,0.5115585873358727
280,0.5156188363528066,0.3908420729026303
281,0.931636887587742,0.5898354963138502
282,0.5809528067553852,0.6527249362741745
283,1.3720939581543876,0.5641939281801429
284,0.15296455226825403,0.31523637645565944
285,0.4483560140433851,0.4345295633162688
286,0.9709023580384788,0.46972819831939594
287,1.1888155888667566,0.5265577218438415
288,0.2108814552574794,0.18878803983548575
289,0.4786917711166029,0.539511773960839
290,0.5519682896531991,0.43915464985492775
291,0.3007252287406882,0.4122224652558741
292,0.007807252584723047,0.4583774853647745
293,0.08127918947108187,0.38294976934812386
294,-0.10341212860542932,0.41682238390527426
295,0.8776676823814719,0.49768196259919506
296,0.8689436230841826,0.6019623260496402
297,0.08937247220288078,0.49155155289034846
298,1.1032458027094156,0.4972739579255961
299,0.7166418654340725,0.5551831419610411
300,1.3936607333308932,0.4966205836618207
301,0.04512879412829827,0.34998556917531426
302,0.559256593963725,0.352529698338777
303,1.0200780483814689,0.37785587544609395
304,1.2677877704644969,0.5204207914633739
305,0.040407735615453015,0.3473996313843118
306,0.6287987256005974,0.3656417691578154
307,0.5338972791722529,0.339137590815927
308,0.4823694743704636,0.3978528411071984
309,0.206836354748871,0.40369569455770554
310,0.44167052871124723,0.28664532913496127
311,0.36277841336173444,0.32513519857912404
312,0.5691726847919945,0.44932121517994567
313,0.06604786874342308,0.31937139572210205
314,0.09143584679746185,0.3414437530257886
315,0.8510874015905808,0.5343200378542791
316,1.5590711298819397,0.37580743719676335
317,0.06503018892287299,0.23629629763658958
318,0.9245812281029085,0.49166098360254556
319,0.6121255399626581,0.48334806396368946
320,0.8911113700876925,0.404463118016317
321,0.2930545732798714,0.258977112554475
322,0.5026531955415543,0.4813089698077793
323,0.3841197957292058,0.5049251424118824
324,0.5681142657878357,0.3674460432089908
325,0.6386497619716136,0.3834404177419893
326,0.5359821845207751,0.30987187053612214
327,0.35588566289114526,0.44014638832356073
328,0.710508049219247,0.33031955637075777
329,0.5218889476045575,0.29235620258764
330,0.3340187039086396,0.36614639190023857
331,0.5791664578444247,0.40238849966183093
332,0.5691014434331382,0.30945939924327753
333,0.9116031348859559,0.24890443839531526
334,0.5853130016419352,0.3315059100421736
335,0.17185705454607808,0.37305095336505806
336,0.8045102067530495,0.35281634793692734
337,0.3673412563717885,0.46832598842112233
338,0.7347362462449448,0.32506424039302206
339,0.6019205598135278,0.4605123305920402
340,0.42517483262406286,0.49600426592920865
341,0.6165424706796638,0.23942803653502873
342,0.5972505386585959,0.4125375536794037
343,0.4412769860245568,0.39792627928557717
344,0.5419079480533525,0.4740862267596719
345,0.3351464458933649,0.1985802251855453
346,0.7362152109304061,0.2843920304985092
347,0.6070954228363112,0.36277516207842536
348,0.5737613617216963,0.4256549656009007
349,0.047165100995857384,0.1882134270043407
350,0.576675998114108,0.31987268694242116
351,0.831854394974921,0.24976489830375156
352,0.6436800317164698,0.29328939393146924
353,0.6717443678143253,0.29663942165137297
354,0.6533226962037587,0.32123429480137894
355,0.4830873116811223,0.40556877480553083
356,0.5130714183172219,0.4429715999403491
357,0.27131837027017464,0.5086231732053508
358,0.7263646533535228,0.4036479312495684
359,0.6862003321633575,0.44913724066706273
360,0.5048317383616322,0.407241208480791
361,0.48694245852458473,0.4477734164424353
362,0.4709649401891148,0.2726388115358371
363,0.731965803712704,0.290710950526647
364,0.5976306817609465,0.4103515069847082
365,0.40746668492832716,0.4290901636152108
366,0.4120293269727904,0.2872194296064727
367,0.8327890223687724,0.28754569757392817
368,0.5272336356758544,0.2595701291828311
369,0.11340940981609421,0.2941632588070196
370,0.4178215510963551,0.3087069194637183
371,0.142035232901566,0.2546707239910483
372,0.3182939456799993,0.23251794863138706
373,0.4895294234641498,0.28244746434733703
374,0.36539534288649383,0.2732318096539813
375,0.19071460414758504,0.26877633339368273
376,0.5444091076509867,0.3302731591881997
377,0.34552039964247916,0.4174103577113899
378,0.031910736709213273,0.23739865389449463
379,0.3787054980127591,0.3727667847543804
380,0.005202111559005901,0.3446271923723473
381,0.12799588825520106,0.354511064037583
382,0.288241059049709,0.4247991875156893
383,0.3166562928728003,0.4707372979765016
384,0.5391398785858841,0.3810174078826583
385,0.4491200040305444,0.40315766898476774
386,0.4817645613991289,0.3940851867335047
387,0.20531316531165097,0.42140496313937975
388,0.473990248342211,0.3590536447000845
389,0.4094502331792715,0.3039745083510051
390,0.2996498573809511,0.35729474304088166
391,0.50973280724082,0.4030531959096448
392,0.32481307369074225,0.3857085826851463
393,0.6653820714096983,0.4098488251852719
394,0.801568372593559,0.34389902370572506
395,0.4696928968018916,0.36296835989290577
396,0.6239316030436401,0.5345769349301782
397,0.690548043953838,0.3723792381589432
398,0.38084654052354466,0.3708279443926555
399,0.42354194383841154,0.41029143996150574
400,0.3225708927194756,0.47338537867665226
401,0.3907352155949359,0.2842268761869528
402,0.42081239092055905,0.3894230051517731
403,0.39042609993430744,0.3797388954362893
404,0.3605359273434869,0.43212098672795757
405,0.16057684469263656,0.18917391801036748
406,0.46387735710191863,0.3630585294459217
407,0.3818123400985952,0.3568629423932697
408,0.5117307311307947,0.4147975147621253
409,0.07979935950546738,0.16536344833476754
410,0.13770512862395748,0.3900084185397099
411,0.6942641791305957,0.3892970900536248
412,0.7904525413018839,0.3492863758901081
413,0.45024541788389116,0.42937813713961903
414,0.7693122661909897,0.3359310365000302
415,0.56322838955324,0.4303578746542334
416,0.39601087874657764,0.44279109643696957
417,0.2169619632935284,0.45903382856143815
418,0.7198376378291239,0.3884570063171504
419,0.3621177776153069,0.40388147005647745
420,0.304462486452276,0.40992107881673834
421,0.2219487850608736,0.40357331621532455
422,0.26686228877562446,0.27563549988701813
423,0.40484955462318845,0.24256802198256885
424,0.3872384012749992,0.3779674447229442
425,0.38335906277869075,0.4104250483633376
426,0.19180827813975374,0.287924091517005
427,0.3208335142711811,0.2586980492386071
428,0.4578129103100902,0.33183869011166334
429,0.31734899333194794,0.32790483824914785
430,0.10495588875206108,0.3966995954802865
431,0.1945633697024014,0.30913608708119356
432,0.24705729034186186,0.22113331585579668
433,0.33720488314912844,0.37151025533702287
434,0.3155819488498128,0.3478709783368694
435,-0.14584174892402516,0.2419718387146565
436,0.2172141344152586,0.32667866059393263
437,0.17033902893554714,0.43926535826595964
438,-0.03632506317147052,0.23357190046164975
439,-0.005723896725948108,0.2942503680170769
440,0.07525469843577634,0.3827912546851616
441,0.12461146474147197,0.31623461356046334
442,0.06021686014323517,0.35165269886139217
443,0.2764461368050453,0.3313322305398469
444,0.1803592475156601,0.2666212650540087
445,0.09479035028526965,0.2547232595013731
446,-0.13286056849964492,0.25863924960114654
447,0.3268757536382497,0.254215877558908
448,0.11496693460221413,0.19892470183005445
449,-0.08580598107941892,0.23953648597668506
450,0.059729549417924764,0.34063118471426024
451,0.22925970507772125,0.2768440132727585
452,0.3023306562593851,0.2687705398407694
453,0.028852345625107276,0.3459205524370099
454,-0.19512042750314293,0.27484222780588324
455,0.24597591342251665,0.30935644754169217
456,0.04071364014375463,0.3177057461745545
457,0.6113595261964314,0.29830449883923366
458,0.1727876308545542,0.32168736178856516
459,0.01877917110925091,0.36104147017141297
460,0.2549779668100746,0.24295068163574657
461,0.15179051934868468,0.2950516782458589
462,0.13910613579840886,0.239746130917794
463,-0.027158979077869065,0.28830576374889205
464,0.01977284385761297,0.19990874528327954
465,0.4430001133005827,0.2227251500718065
466,0.0901027986206371,0.25491631230300954
467,0.028136651538152705,0.329294795335273
468,0.08710698812527164,0.18347872488090416
469,0.2962454799270532,0.2553368674200675
470,0.18706669596683262,0.2899338172470575
471,0.23953979646451712,0.305855119645853
472,0.456424888384442,0.3208096598346227
473,0.2324789795900067,0.3305913021797816
474,0.46869445783804947,0.3182045035133886
475,0.07263072216296353,0.32703166005243284
476,0.023892694033976966,0.36313185636087025
477,0.30263167533764024,0.30960817566715887
478,0.16211462729459683,0.31018718891941965
479,0.10486683907310285,0.25717561636003383
480,-0.04171660963035593,0.2579660028062211
481,0.34689337606376675,0.21199229690125715
482,0.2678826741960621,0.19603222779428817
483,-0.03443709444408482,0.28131605391555087
484,-0.049019262042079334,0.30695277100453455
485,0.39817056270221807,0.2154599279574589
486,0.2888030217796683,0.19009856754398613
487,-0.0671661500970144,0.27771891037606994
488,-0.11898365500085749,0.2580803251359444
489,0.1957257274300114,0.27087120931661096
490,-0.11817526747807142,0.268958155622623
491,0.07622415022132645,0.15908004974440604
492,0.2037399130854943,0.2516026813442991
493,0.287681315240875,0.2489627085795381
494,0.08014736597778269,0.23809963833244246
495,0.17195423062412754,0.2952203507748473
496,-0.2248961515327155,0.27864885381898774
497,-0.03211297541132861,0.33157313689857665
498,0.023225578463218877,0.3223325508044161
499,-0.2559824574515659,0.32887334490372067
500,1.7496513409517687,0.34644315128041137
501,0.22069884468021683,0.4359592005306245
502,1.3625857179154577,0.40522416931806404
503,0.7871462253071466,0.4168676167184303
504,1.2923490467258891,0.5427773358324606
505,0.47867030638949676,0.4592806609420918
506,0.7990248032181501,0.4430204576427562
507,0.9347067638066004,0.4139110308851513
508,1.2583935270600166,0.43187655840305755
509,0.3405384901461982,0.43836911802224593
510,0.622343097140422,0.554213755904804
511,0.39152404164509247,0.3712491689222785
512,0.2590847147896199,0.48686139542198936
513,0.3062997622756752,0.44306204530266213
514,0.14383349585081884,0.47792125495561094
515,0.6394025734259484,0.35843139093006027
516,1.733799854240101,0.4506162953530832
517,1.67513273044998,0.4155601340034847
518,0.5680808258766779,0.326715317886233
519,1.407246011951497,0.4197499841714631
520,0.9251206368213843,0.5805008013510428
521,1.4579297406696936,0.5364928233443307
522,0.16367853026980594,0.24299465299579565
523,0.6795434471282698,0.4141064161913862
524,0.9616812026001405,0.44922074100254694
525,1.3037669147200865,0.4377294387559069
526,0.21402497925149655,0.1827232293368234
527,0.6539315770594771,0.4343236244143303
528,0.5287287408320389,0.3824886819441271
529,0.4486001429216857,0.3992481619252936
530,0.2767218709016671,0.43373489174979646
531,0.2918884582142933,0.39288584433954454
532,0.12422565436175262,0.5059227103289938
533,1.6147711383455803,0.4360176925503439
534,1.2777330392616157,0.5951193347513566
535,0.20051029349421434,0.4976236970967844
536,1.5697665844030562,0.393317982731496
537,0.8004126644309362,0.5207791619824302
538,1.2495708973239572,0.5307706423347751
539,0.15994830075995814,0.36879143197061703
540,0.6507248808992485,0.3518684159033434
541,1.0225566812123008,0.48031235401544553
542,1.2186738617253867,0.4754031723635917
543,0.1639433185384819,0.3450976489498611
544,0.5152117424181082,0.36569760339647306
545,0.4073370002484996,0.3844978278466257
546,0.3433180460080696,0.4150701304124502
547,0.1608865342277963,0.417617406272465
548,0.3206663083691561,0.3656435714441559
549,0.37450142972053885,0.25916577522779694
550,0.5482421403252006,0.4721850542964251
551,0.08223132075348467,0.3062927082788737
552,0.14419425101426048,0.2670433143161341
553,0.7825245198325853,0.5303285424870897
554,0.8410964150851519,0.5499524070935009
555,0.15866027300731553,0.24690958330641033
556,0.7393163104240196,0.460209347080919
557,0.4788135609651651,0.42156432379137393
558,0.13645284086797552,0.473455051660396
559,1.161814294202795,0.36104819999299853
560,0.7042491108416139,0.4032185718616341
561,1.2310377306354672,0.49773564313044394
562,0.44868657996550854,0.46135680218870323
563,0.7778150499677147,0.39130017937677647
564,0.9492825192698766,0.3678316118808079
565,1.2215247533646354,0.4480519120529742
566,0.2943771372679802,0.45589080802601306
567,0.5435494919674664,0.5249887863195113
568,0.3736161818831094,0.43535438558827555
569,0.3129795987544214,0.44292612516327184
570,0.27728262022329064,0.5021141979217586
571,0.13831689961383034,0.4753223984204154
572,0.5470053076252643,0.39556579784655205
573,1.4122438511003184,0.4190800093284155
574,1.7767285773237658,0.3722533324946421
575,0.4578939525092437,0.3449143227561715
576,1.2453071190479472,0.3957612677168152
577,0.8259643220481443,0.5183600868432189
578,1.3079733344333764,0.455557316439853
579,0.0662855552864211,0.23874221127864972
580,0.5955835285107652,0.46977570693823284
581,0.8632445031435482,0.4160055290168262
582,1.276039794442376,0.440024172541062
583,0.2695289826638548,0.17241590537517848
584,0.5791834508605294,0.4291343384966268
585,0.4782939594698001,0.45000589902201493
586,0.4246714202358684,0.46606785151813024
587,0.2533438170602351,0.4859441077318192
588,0.28732602581130534,0.46648165390962576
589,0.14314044795861308,0.5509949474068381
590,1.391374514756135,0.43455516072057365
591,1.4057390161068555,0.5326570017152094
592,0.1454752436842346,0.5557312407867454
593,1.2723148820867007,0.33097013208632875
594,0.6689010438987969,0.5061031550253287
595,1.0780922984291967,0.4131884106755399
596,0.11110598948439296,0.3782112619253711
597,0.5698382233987349,0.3410983986332311
598,0.946196060943664,0.468001568693709
599,1.2282669787502913,0.43663418002910737
600,0.1382634295714395,0.34130498266380216
601,0.39216560511205056,0.3628851948397977
602,0.32955192411971446,0.4354003531011886
603,0.3723404148442072,0.39135442024467054
604,0.0603351882632706,0.42813278582897074
605,0.24874454321844253,0.3601775313931405
606,0.35398685762059157,0.24526065096985616
607,0.42378085190213743,0.4913878453022166
608,0.0406996488238773,0.3382080421033501
609,0.1099593183610822,0.23829935687401957
610,0.6835307717182408,0.4833254616926926
611,0.7978940981289063,0.5428283559477142
612,0.16971653020554117,0.26835428360565233
613,0.6242036957933434,0.4425592918603098
614,0.48574642612374846,0.4492806188670456
615,0.5035292945786567,0.46738572837490655
616,0.4749691699570303,0.4316710790036287
617,0.11199121719875367,0.4292979041947481
618,0.7996926809631816,0.28655899344945424
619,0.3667496290396433,0.2833519300119442
620,0.18644860326167237,0.3950360836691648
621,0.3467933659731641,0.45778521961613156
622,0.5632152058561325,0.2918093993852662
623,0.6544038745678197,0.3284396815082567
624,0.6060785004039487,0.33163370351714083
625,0.25513483134503784,0.4326865544691144
626,0.6809275369750871,0.28940484799330995
627,0.4729396818951252,0.3389530282359086
628,0.5164218609649117,0.48648525128590797
629,0.32052827961682323,0.4725224051239002
630,0.1879078835464423,0.5082672946495356
631,0.8548718207393092,0.2916510067951721
632,0.40241148180854974,0.4783268498836196
633,0.40379538544354604,0.45345936662139336
634,0.25997672145323797,0.46885996821151404
635,0.5293519261008467,0.23706503178918376
636,0.7302371762114238,0.36056246215057713
637,0.5162143354035902,0.45734388109958607
638,0.3123164777810629,0.46301437255202005
639,0.08839845765447495,0.2207557561425549
640,0.27147031033223634,0.35927167152949807
641,0.6848803538102689,0.4116758487190145
642,0.6140967177768217,0.43278609817612446
643,0.5375745435326883,0.4007419859408081
644,0.6126915764586467,0.4146621440644909
645,0.3391555581360453,0.4032089901301353
646,0.2578622039680786,0.47362487267235187
647,0.03527588954484767,0.4771428607661367
648,1.17462371523077,0.2413709153614387
649,0.41122901147574425,0.4602966040823509
650,0.5569551849912465,0.4801330440994018
651,0.25665749648937913,0.42837747480195204
652,0.6706609352063408,0.3713503820739988
653,0.5292586210675325,0.2904793003221213
654,0.3485695269169447,0.4334126105667647
655,0.2523915637973105,0.4652544394722885
656,0.5302168576157013,0.39580415960270393
657,0.6049729170460663,0.296706559609684
658,0.7555388203978898,0.3344769347797042
659,0.30514046105581316,0.33499913377963847
660,0.6452209600075622,0.3021163222424937
661,0.49039969321864635,0.3019374334064104
662,0.252026472661632,0.19177010726853871
663,0.5497353551225223,0.31896439644088054
664,0.5519371404196893,0.3261306492914831
665,0.15693437969629914,0.4057602420411899
666,0.3073886025867534,0.43841803025844284
667,0.1885725510645947,0.4630592931333753
668,-0.004791505244262465,0.2602997309108315
669,0.15461149423323473,0.4599127916999041
670,0.16453322311407917,0.5254969114743776
671,1.2218008104584819,0.3223515732623959
672,1.2491479458468175,0.49865753250194944
673,0.6980951949349717,0.3479646546599834
674,1.2078499722875928,0.3714849866036716
675,1.1790344546455587,0.27954846566006014
676,1.4346970610417584,0.2977567489261661
677,0.48877306797568787,0.3587756054346612
678,1.0310753758443238,0.47183596114749676
679,0.7550525211232112,0.3577763164296012
680,0.421503896686748,0.39492616016317306
681,0.5788689725970199,0.3976576954446331
682,0.3599127506553942,0.5841277752678621
683,0.7382452424020239,0.35613337162923636
684,1.4144589087200385,0.33028686912099997
685,1.2823725950295157,0.39271545512280104
686,0.8342779173361875,0.31800296263543876
687,1.553998574154049,0.3529596597674402
688,1.0772307810664237,0.5454301685273089
689,1.5103518295038822,0.3887188394146452
690,0.2781638510158509,0.24808677687689967
691,0.8805759285283066,0.3720492658118851
692,1.2508031679846323,0.3593758414823876
693,1.3526368220987006,0.29592476606732054
694,0.23186578092229473,0.19267154528637082
695,0.6654993709537661,0.37352802783854805
696,0.858126201637946,0.34381503302021155
697,0.7011080646754152,0.34852198767605286
698,0.44119549702752614,0.40166026209025496
699,0.49650125445074444,0.3975606215699334
700,0.2867358964931248,0.48602888342925493
701,1.245696811305704,0.2949053435186408
702,1.0534057776179648,0.5692008389627502
703,0.5031598713525824,0.5812169807768749
704,1.4216155655545424,0.33210368932622963
705,0.8865230447359108,0.4332586070400924
706,1.2953062500386616,0.4518115347921593
707,0.2707071492246057,0.3069429227577994
708,0.6817810150376555,0.3210124604239845
709,0.9140292447188372,0.3713599920210375
710,1.264019830645969,0.3990993537293585
711,0.2689268872573667,0.29315076352692604
712,0.6161380176082424,0.34127030203476405
713,0.5655878681854812,0.31748809294146313
714,0.5425787172647758,0.3342057516506621
715,0.3065355893983834,0.35067509773043276
716,0.44846973719075317,0.3541784616944277
717,0.5289763652375464,0.274933269299442
718,0.7984007887555715,0.40026062768702925
719,0.3350404811914923,0.2673512841587629
720,0.22052528103827046,0.2892986712758736
721,0.7971003609926438,0.46061030285722965
722,0.8450175479353366,0.5035293479537352
723,0.1716373428255911,0.20050640974524667
724,0.7637880867101665,0.4713099693355156
725,0.542050251753881,0.34806918745025556
726,0.8462364955754578,0.46719964370721845
727,0.6362311345436309,0.293693214854963
728,1.0160066837918966,0.302663387612452
729,1.194712021729635,0.3837624077754595
730,1.1594405306246367,0.33041399539507066
731,0.5195487190339272,0.3680161767750758
732,0.975859716051382,0.40237626238032104
733,1.0770525851599266,0.4146716535386741
734,0.5728149379634088,0.3754373863727785
735,0.7538611951207156,0.47006037317640853
736,0.317973498627192,0.5566235303214323
737,0.5710130411828517,0.283811368515797
738,0.9665704770795243,0.38322255895833374
739,0.8476106575985964,0.3888659859380782
740,0.5773633067024934,0.22165438645368077
741,1.0914946657669378,0.3454276231179885
742,1.1026500354591975,0.37605076189783226
743,1.0072862361528196,0.3812584599978764
744,0.15676415332440385,0.20525134291972746
745,0.5933713081376222,0.30778266202246174
746,1.0089370383386773,0.3156011588373168
747,0.9996029758655035,0.35069345955721926
748,0.21668680492307923,0.19448491411152558
749,0.4755176210485781,0.3112508717980848
750,0.845735057377057,0.34564875313710747
751,0.6550345489946954,0.34926438250016
752,0.43254745710929887,0.40357264862164155
753,0.49372854824296974,0.42376836133559126
754,0.27921574652770603,0.4305103178812296
755,0.8794357206949995,0.3375046835528415
756,0.7546632832090904,0.4662535118851063
757,0.4600015512554498,0.48458371042156656
758,0.7866608526110943,0.34469067898707284
759,0.9902283422849235,0.34000155003635524
760,0.8643874456737262,0.432115930598077
761,0.2750852753509845,0.30465785995539807
762,0.4400738802340313,0.26388533345515436
763,0.6374574278660838,0.37714796369342796
764,0.9152217303886842,0.3843164475003966
765,0.2938776093499622,0.2735216834949148
766,0.3808380038198786,0.24663186500362164
767,0.6098715957016774,0.2332308684868365
768,0.5962176490029858,0.31683895782484617
769,0.34144152117558496,0.3259092684278495
770,0.4501621337208927,0.2531928999887841
771,0.4733627646999764,0.24457198577148448
772,0.8086233454648829,0.2930163178746609
773,0.5707658907272611,0.2619512606139304
774,0.33187191682921513,0.2415931643341613
775,0.6115169823904777,0.3952241318838383
776,0.536269649325003,0.4808882994269654
777,0.3401260362704676,0.18351273219888956
778,0.6337927322159008,0.388348294875175
779,0.615001748491237,0.3460590557628169
780,0.4067230178962679,0.4250064588934153
781,0.9127356163500377,0.4575897033268239
782,1.2599015146980153,0.3847321019971443
783,1.43931388846498,0.5100130651935971
784,0.24698480328996536,0.4540758548133041
785,0.5499987940724453,0.5130536385467319
786,0.4367455423249303,0.4204812237457678
787,0.3955884138431229,0.4327454580009102
788,0.2171043357097293,0.42894041859989535
789,0.13378472818531514,0.4623390909327801
790,0.39708173640007777,0.4126852648296509
791,1.1383115522585074,0.5462476892840583
792,1.3728114319176974,0.534681728623627
793,0.5493237230592952,0.35785120983554447
794,1.1579145259030128,0.5072240003376233
795,0.8152131686986018,0.5951027820062218
796,1.7873402682867368,0.5060917989385324
797,0.22307346171475773,0.2876200046192994
798,0.478000306363385,0.4174052962874612
799,1.0366186887292792,0.47281394846188646
800,1.4175726589571964,0.4496038838259355
801,0.22222682208751518,0.19056111315909485
802,0.4977239053956875,0.4519584538040224
803,0.4746942541710437,0.43950523366283767
804,0.3194470324024361,0.3728571657063932
805,0.07420594154611147,0.4372679261970052
806,0.1297397237264914,0.3410494705182711
807,-0.021794813323054614,0.41103803682706835
808,1.1929274219658033,0.5208268615827362
809,1.2497987052564012,0.595131207268546
810,0.09337340917066,0.47774947045691235
811,1.2085912441921283,0.45547938160209384
812,0.7210425934139072,0.5470793006084814
813,1.6619016841309626,0.3971069373891603
814,0.05775734706883077,0.36059873777271473
815,0.5356839875884052,0.366867902373666
816,1.0899695980764792,0.41007089954760345
817,1.597088230039689,0.45046528981241224
818,0.08200548620811106,0.3420909636514025
819,0.45119495627452083,0.3767503693103545
820,0.39093943166022865,0.4223139023586537
821,0.4837775667108567,0.39387600109298715
822,0.061706623505865595,0.4140916114506669
823,0.31446814474545687,0.36805669631602816
824,0.3718950183356634,0.28544003369152554
825,0.5126721691802967,0.511118829598884
826,0.024374148216419533,0.3186486442545016
827,0.11359005407768313,0.30380052500636545
828,0.7235064422385532,0.5544738261146508
829,1.1689961171283678,0.4660072562228648
830,0.12371733621871966,0.2271638171508062
831,0.7317102249096163,0.4617530083528674
832,0.5515552782693902,0.45619994479316
833,0.7896841456090131,0.25255002711013674
834,0.572255462082787,0.3900706234642833
835,0.5899554259629298,0.41262084861876375
836,0.9072379185020473,0.18177466136198067
837,0.9442703250497722,0.22138054419728173
838,0.5383547747725658,0.28385838294834725
839,0.11924718227099752,0.32213867779032346
840,0.6242570739949547,0.27916064630340925
841,0.16008737213072297,0.337552638389946
842,0.5265218116110405,0.26767678644517906
843,0.5515274749026979,0.45168154596856464
844,0.5171686681748645,0.5126725346999002
845,0.8575118757972265,0.2961509374602104
846,0.6124103857785627,0.3634361714960818
847,0.5583675588345254,0.34200114841911017
848,0.5219691570209612,0.4366977685954429
849,0.45875925602914386,0.2063987699899222
850,0.8779415090239171,0.2334049345085775
851,0.7927276030384715,0.35463689732271614
852,0.5650297806338903,0.4367960937715358
853,0.23108367889151912,0.18623041543891222
854,0.5130465289325805,0.2095644865992522
855,0.6635081020244874,0.22702191853060025
856,0.4474183482238264,0.25572328607327366
857,0.5477677908442766,0.22107538913703412
858,0.4436041624120089,0.2805477330350321
859,0.32635295588076,0.36611141244116296
860,0.5185884375231552,0.48117929743822124
861,0.4482625147448866,0.4849418773813828
862,0.8226125539434924,0.30900355320212447
863,0.5966151045791949,0.39011427257068865
864,0.5500922469665761,0.33793005654532704
865,0.5021244539801578,0.38773843551187553
866,0.90310301322725,0.2022432384069649
867,0.6636245927937704,0.2571053259224937
868,0.5359427485392969,0.4373262727499577
869,0.5084264353754553,0.4475475319889125
870,0.9053840155309114,0.25696165138654015
871,0.6623133585295469,0.22630975563066047
872,0.4266210124355989,0.27494745963680817
873,0.2029611161071585,0.2677449480991176
874,0.38555995336343646,0.2253246081642841
875,0.15633078171370576,0.21814685013896662
876,0.40300275905301247,0.23228649884478342
877,0.4345972441446223,0.2753890256440538
878,0.37158074567453714,0.25393665464025866
879,0.30919260056546044,0.22200069105962494
880,0.42867268505660816,0.29023774122224705
881,0.3110430097615306,0.40079544488374513
882,0.1760936280349619,0.19398688770949385
883,0.31131370567918576,0.28879433473760374
884,0.10058285325994554,0.35917521818915005
885,1.2468302463425762,0.374397878563103
886,0.9515963576524215,0.352273895398153
887,0.6540088510921052,0.2531386275753503
888,1.1223723153530574,0.3118462449251939
889,0.7570575738180609,0.24766919056403008
890,0.24899598966053935,0.3112698356772856
891,0.5448273385170151,0.28341733688212106
892,0.20734758414666013,0.3445999997225882
893,0.4365934307598866,0.26652461648492526
894,0.7755104983753747,0.4055158214813485
895,0.8001327145009862,0.4283482841622879
896,0.6983501462298173,0.2890180181429444
897,0.9334835895108426,0.3640370967056824
898,0.7343531903274471,0.3975616199384565
899,0.9512540021228841,0.40860564368934305
900,0.2006381384677096,0.20979038719031473
901,0.7438461578815521,0.28510189879312836
902,0.9805802267745859,0.37027320546294396
903,0.905210927012454,0.3659421890219546
904,0.2557337066121652,0.1449819204834431
905,0.5963941234459296,0.26491312367912834
906,0.7927515523983987,0.27744037145974404
907,0.5229028416763767,0.25408522849758985
908,0.4165327258308689,0.26096533399861727
909,0.4144561592859368,0.2623033364555432
910,0.26178481648678587,0.3749343080075621
911,0.7499798865036078,0.38277543967878025
912,0.7388984173777967,0.4542207958081945
913,0.39894991420974374,0.34381963370095436
914,0.7419926349586153,0.3658287811062865
915,0.534444339619985,0.33996195177886934
916,0.844508924589949,0.3716213247825949
917,0.3782208721600937,0.23827016259896894
918,0.5094290765570495,0.31326601758811423
919,0.5572507877913582,0.39657584469446006
920,0.8834667790321882,0.42054984572821824
921,0.4135525893342348,0.20271495398033773
922,0.45524223236571976,0.2877418992355126
923,0.36517728763230073,0.28051138931362063
924,0.4423660325214383,0.2561884639535128
925,0.2786131911307553,0.2675656256316746
926,0.2882344933121073,0.21432444351113428
927,0.5047009590389464,0.27078327814090025
928,0.6289517492796354,0.3120442409196604
929,0.31936473171755275,0.23666476406363143
930,0.24930558875968478,0.21231654085769633
931,0.5693796544328347,0.34781937236956556
932,0.6141390889077748,0.388816267828371
933,0.2815754579751099,0.16714510897944854
934,0.6199737975632886,0.3393046930371102
935,0.4207803076202677,0.3788235105476351
936,1.382788394762067,0.38626348040839975
937,0.35188727922936525,0.4307747262427051
938,0.7446378263884204,0.43208161497665065
939,0.7296308494439864,0.40189560692149906
940,0.5074739567029195,0.41817378189067594
941,0.3655807258183579,0.38359892902744847
942,0.15317339041427727,0.46047078019498006
943,0.3702451692742624,0.3307008321507995
944,0.9457958728237705,0.38193193541243187
945,1.0815212710382758,0.39136969067976307
946,0.5145223793693974,0.3044886104297439
947,1.029000006081649,0.34369438002464126
948,0.8011762384144052,0.39580760002335674
949,1.2855668395014033,0.3124999714154384
950,0.10805262727210838,0.2687469692142432
951,0.4821227863220823,0.38510890198099157
952,1.1758809177133451,0.35656564729495516
953,1.277910609995502,0.3745101513770931
954,0.24541713706894164,0.15904354070334376
955,0.3887547238790695,0.3908947168909611
956,0.6055278245877377,0.3559663466311617
957,0.43523560006294837,0.34671513278429894
958,0.16484149316924904,0.3753388279430702
959,0.21205683488974844,0.3259469178382473
960,0.07613143823527113,0.42546941518509324
961,0.9651444705856936,0.3306323270263807
962,1.0120858913836508,0.43067816925571023
963,0.20275967670766487,0.4841550916708604
964,0.8595756911456252,0.3344582530112844
965,0.7147153576875122,0.39103534300573006
966,1.1162696428216754,0.3141415424791837
967,0.1657324218063127,0.3802230237032244
968,0.42307322334289665,0.3425219861242351
969,0.8351708850033271,0.40757348998534837
970,1.2789715145794835,0.3489284856798594
971,0.1731974781326208,0.33985282951928386
972,0.30542858978292514,0.3669136220623349
973,0.39224717616466614,0.3381669383948595
974,0.6245422400663168,0.3788229433640548
975,0.09510882120535312,0.3666551906831065
976,0.28817086144604,0.28258936509739424
977,0.4300154392867868,0.2580340928731221
978,0.5295969675245614,0.35678077559268806
979,0.16423642749497813,0.2609383427487622
980,0.23899708640019857,0.27225515782078114
981,0.5872648281845939,0.433360291912428
982,0.8607954263844027,0.4331999887508551
983,0.25114056833553605,0.19377140497251238
984,0.6693692575031163,0.3969076654210165
985,0.6549660169308532,0.39051358377348744
986,0.39576547339548507,0.4616883813423919
987,0.8171525260669749,0.4735769984343168
988,0.7595927770263867,0.39087699421751854
989,0.5936056046809585,0.4324614299942785
990,0.5132980440935945,0.46322803006159946
991,0.31181771334499964,0.5926414255433737
992,0.6406898496466905,0.3679688696409672
993,1.4224314801168023,0.4101079054950774
994,1.3771970965073854,0.458212153925493
995,0.6309313277065871,0.33623083647575097
996,1.433448538335142,0.35687990409976805
997,1.0143814229200876,0.45983712680773314
998,1.7604167565396407,0.3520305040344505
999,0.17086352258798126,0.2886810970802645
1000,0.699433423435841,0.4140231321176463
1001,1.2300655951478685,0.3423622893301684
1002,2.116312054283884,0.4598192995168343
1003,0.23000828555958633,0.1918787146395861
1004,0.5753129701196412,0.4295483825438019
1005,0.7603270900920986,0.36820567877793703
1006,0.6388113175022653,0.35147098253452763
1007,0.349354087104238,0.4554255076171026
1008,0.42275167867742036,0.3586368497989181
1009,0.23222985066108306,0.5375822266944061
1010,1.3006256026857774,0.3912023494135137
1011,1.132753151866058,0.5651467919321268
1012,0.37469867223009345,0.5904292265436848
1013,1.246144678346079,0.3079237460422714
1014,0.9377973196472023,0.4615645511732275
1015,1.30919621277935,0.4353122820080141
1016,0.17458966866910436,0.36225626913258896
1017,0.6507074283258637,0.3209798860863599
1018,1.1284407976417625,0.45533473019511556
1019,1.7234531615958388,0.4829013845584987
1020,0.1706941112455794,0.34932434348222907
1021,0.5343793430317103,0.3363962157413345
1022,0.5807455140053848,0.36816060159075237
1023,0.6262363185609456,0.4031789900105264
1024,0.19172089860877037,0.3954109306844939
1025,0.38407552826283714,0.37057797351550903
1026,0.4231062201226944,0.2491553620079848
1027,0.6855476307964157,0.39147304719582815
1028,0.2535275922747646,0.2475554357643079
1029,0.172281865123351,0.30320159824428006
1030,0.783770691513525,0.4923487656969168
1031,0.9130434894361574,0.5854818726785946
1032,0.17998361135981852,0.22968958487901237
1033,0.7028260033119973,0.43736885577803863
1034,0.6560006296071458,0.42981368993610375
1035,0.7589457884482482,0.24544344471309432
1036,0.38399497991952053,0.3290064360679042
1037,0.009216200765634168,0.361640432418416
1038,0.5897042440230823,0.3256878304418513
1039,-0.04871475916119705,0.36406386397321977
1040,0.4134655445076615,0.26343523479000475
1041,0.40625833043039494,0.46253867206835053
1042,0.3617131870594964,0.5123548776318184
1043,0.5274365185770302,0.22676055642405907
1044,0.5089102265990496,0.41942602225196945
1045,0.5140985674890308,0.3736256500067911
1046,0.37445353367532064,0.4890561595751292
1047,0.24504160202584654,0.22145371694307983
1048,0.6377084246082976,0.2182461486751563
1049,0.4941821252432439,0.3994898942655376
1050,0.34978344339803363,0.4969330141888343
1051,0.08619204180147642,0.1587915207995345
1052,0.6885700621387835,0.24583800082988166
1053,0.5603547733232058,0.2840571943265391
1054,0.3083762286384354,0.2800442333556513
1055,0.7457990718936914,0.22893691101495783
1056,0.463420881896954,0.27258478346455367
1057,0.3046938643599218,0.35910283993861286
1058,0.35752804490207807,0.4517495557425921
1059,0.2577961394108719,0.45342440792446675
1060,0.5391657015969471,0.2896539422300412
1061,0.3895115180370138,0.4224421289068002
1062,0.41446054088215856,0.386706049787199
1063,0.3172084480574999,0.4292270174112305
1064,0.7173242710896551,0.15986895357299374
1065,0.4934016112122655,0.2799832548704463
1066,0.28111934508873504,0.48505064519712393
1067,0.30305145738277306,0.4931355747663139
1068,0.7728879724277399,0.19858275214815913
1069,0.46158560802849785,0.22697378981393287
1070,0.30530472450971735,0.3510216366164464
1071,0.026688335211282475,0.28633204634990495
1072,0.49572406825911436,0.280262213099124
1073,0.02523156453408157,0.2581097215968647
1074,0.2580821914647778,0.21216076104901505
1075,0.359767531091032,0.276871066881155
1076,0.3917342147033105,0.23857749629753827
1077,0.42978196832949644,0.19387864284165104
1078,0.3498357357373986,0.35633219339558414
1079,0.07991165373612576,0.45285118529856716
1080,0.24492571374720065,0.17329074383344378
1081,0.294748074146393,0.3481027731792988
1082,0.05499979637595642,0.4019854571123182
1083,0.9770390309706973,0.38553686460375597
1084,0.20740002822799217,0.39385610792812303
1085,0.9460794005787792,0.2921131721852154
1086,0.3829701222763118,0.49894198264709116
1087,0.5882313782692465,0.309687866552128
1088,0.7321261778361907,0.5192441031209704
1089,0.5832586256614328,0.5538846515686461
1090,0.7159149463339547,0.26780013027592553
1091,0.8111837567330671,0.48188778678905025
1092,0.6316826873086241,0.4378018947423257
1093,0.7074010384593202,0.5305846434580517
1094,0.2591120022703804,0.2027441805833338
1095,0.8541405825431597,0.24646677970918038
1096,0.7735118252579162,0.40698110700630324
1097,0.7576983646702189,0.484628796996198
1098,0.17728971437963698,0.17883833804112143
1099,0.7444305438455914,0.2675003236474125
1100,1.0834758272519844,0.2636488573439671
1101,0.7788344920107635,0.31493200586648123
1102,0.6964802881624835,0.2526786464202544
1103,0.7569691034880115,0.38340503170243145
1104,0.4186133511225171,0.41755436749166647
1105,0.6160325837536323,0.5189515086208004
1106,0.44746248372239594,0.5676618627355654
1107,0.6618302129738111,0.42002905640885985
1108,0.6658212850862708,0.4801913850259336
1109,0.529754662330545,0.3784425391262426
1110,0.6131664370011239,0.45778549217190057
1111,0.426744530601678,0.20164232218907885
1112,0.49961524122031065,0.31545997971424417
1113,0.4552659953371372,0.4465143959876729
1114,0.6171568727650413,0.4980999425251397
1115,0.4321959124273384,0.22327901094549352
1116,0.6876570455716755,0.279387495892804
1117,0.5326213156279642,0.3158194985817101
1118,0.3675453534949069,0.3015972789984672
1119,0.5132059449889449,0.26696926260585363
1120,0.3974705722358495,0.23233453342856644
1121,0.46888916097482364,0.2662590303059718
1122,0.7126218232423436,0.30553045846921434
1123,0.5033660967769399,0.27015361468791316
1124,0.30073058202004865,0.2533850559664637
1125,0.551837056537093,0.3797266983364723
1126,0.4221333569643736,0.48097782306371106
1127,0.3236943169853817,0.24943471160417802
1128,0.5867920443018297,0.385865753004057
1129,0.3761861736697783,0.39976774289502665
1130,0.6551750882567674,0.36608497314485844
1131,1.0287769072828492,0.4674761046104073
1132,0.7872107969875324,0.42261896715996866
1133,0.3735908476627746,0.3011245317545047
1134,0.5723879241017655,0.3464448283613567
1135,0.44006615165351454,0.44344883362640986
1136,0.50311723549654,0.28114516426602504
1137,0.6477082200396204,0.3885856146445815
1138,0.6091032846183133,0.3633319005453891
1139,0.565293127096601,0.38736570407276166
1140,0.1915608816400668,0.24224989215036766
1141,0.507267585175437,0.3134704185021558
1142,0.6150757197928796,0.3186451330007939
1143,0.6669156975184279,0.39309503178444777
1144,0.0830514980624157,0.20440820520198708
1145,0.27446974232726323,0.29912754672837966
1146,1.0361251091215986,0.3558734093551871
1147,0.9674291888393712,0.35687663909094886
1148,0.48394883775850606,0.43015022746090475
1149,0.8046166687995892,0.3846900102067298
1150,0.48418233004517425,0.42918369153590924
1151,0.5530990803068007,0.408957649937364
1152,0.3404485858087354,0.4793953234431901
1153,0.7052403890318675,0.40970914329661806
1154,0.41380948923748645,0.36072098186712365
1155,0.49320233463265245,0.3255867063452769
1156,0.4351264279649797,0.3590068910276355
1157,0.20099371282714074,0.2532275464379377
1158,0.2697988145951232,0.23825465467487691
1159,0.34946851408242774,0.3678535629997738
1160,0.5585548823331428,0.41955946323901944
1161,0.15369899578721635,0.2570420686554826
1162,0.27682364366204165,0.2641627837301037
1163,0.6796484560158228,0.2688571021457688
1164,0.6812599420680648,0.27747461222617686
1165,0.35873348980536135,0.39102718589590957
1166,0.5932567420944164,0.27541881690938713
1167,0.3661531040101009,0.1998396173806309
1168,0.7082259240018665,0.3487433339827232
1169,0.5551317414200246,0.3178343064240851
1170,0.07145596208503692,0.23497777336047088
1171,0.29956522216449216,0.30285114347818626
1172,0.31383618100411836,0.4413908033025361
1173,0.23450599324090973,0.2536061353785226
1174,0.2736405866394311,0.3082873528009766
1175,0.38531585636402116,0.3681230911878196
1176,0.241957321518663,0.4595642764670901
1177,0.5431263910676383,0.34687054166439
1178,0.18097158172345443,0.4160669439612323
1179,0.38953713748760743,0.46259598134309604
1180,0.4105278397735589,0.4277512888214943
1181,0.18593596749110197,0.2851111120848429
1182,0.4294488980179241,0.4331178268746162
1183,0.4947141234054444,0.3653048281304313
1184,0.48873177481981706,0.4390941845113604
1185,-0.0029962836315827633,0.23274321752243066
1186,0.09034691515774937,0.3205123214407959
1187,0.43705669573871553,0.43952142344878015
1188,0.5555541874674618,0.46179415000698215
1189,0.05498186580474247,0.1932615576539263
1190,-0.12446601657818196,0.41353260795986824
1191,0.42986544087449846,0.39380609728335764
1192,0.6710562365204927,0.3611142733609256
1193,-0.015272803726518057,0.482494628663522
1194,0.31227820224794156,0.3913766803204392
1195,0.19415227152393086,0.5142778392771885
1196,0.41648272811486386,0.4329357622847234
1197,0.4057798750913341,0.41008981599602934
1198,0.2711779625805834,0.4532527283898142
1199,0.31967831749681147,0.4726649953148201
1200,0.4872727164826523,0.38876879258031377
1201,0.3768777789093034,0.467855771761548
1202,-0.11845060664090833,0.31172007857303347
1203,0.13985218155955786,0.2835684902673215
1204,0.4252034906956368,0.4793337824551916
1205,0.6343341557747225,0.4430507944828207
1206,-0.15790680823466746,0.2976091302086745
1207,0.0083651308344522,0.26628621962400334
1208,0.47791496259479943,0.30695669993587915
1209,1.0194497371042963,0.24167864099278336
1210,-0.09610111163018288,0.37191447243508224
1211,0.386645983468082,0.2660088650596686
1212,0.23745228537978819,0.18767486100521819
1213,0.3576565730810668,0.2733863177353234
1214,0.35355750811804665,0.33514406814259073
1215,-0.17770591802851404,0.3254250535590449
1216,0.1507917102457543,0.454191470018836
1217,0.37170554136553585,0.5404002707410558
1218,0.038884187883586635,0.25409631615283584
1219,0.04424292209386813,0.47647042680390483
1220,0.4878197138369348,0.5263186844263359
1221,0.4439102705267112,0.5104961585656673
1222,0.49151508938326666,0.3333791503926829
1223,0.4747267799068645,0.46549125779289924
1224,0.34894399328073566,0.5156790668013872
1225,0.4391691833278699,0.22652752451070976
1226,0.4736765769585001,0.46737096532274836
1227,0.39961871561363965,0.4546601260645873
1228,0.39139140753736074,0.4398962498340677
1229,0.2105729177929238,0.19123730454835716
1230,0.576056693299157,0.34984172659661206
1231,0.44416279060233343,0.37755233201822663
1232,0.45124179801756964,0.4976852546058986
1233,0.05159719307819299,0.16936721255270282
1234,0.5926046890339859,0.2687234986433647
1235,0.8969783400473141,0.3955779734511952
1236,0.6641037877495021,0.511317687278445
1237,0.7566440860179534,0.38583841044128736
1238,0.6782366127197635,0.5098699221085142
1239,0.46629844221248495,0.49947874764917133
1240,0.3932756746809944,0.511974337668724
1241,0.16603673396791802,0.509814761768169
1242,0.7408320136580302,0.40818406002739227
1243,0.41409272846836653,0.4036627731451693
1244,0.4836826948695937,0.40534109732527573
1245,0.2969882735171296,0.3689039051556317
1246,0.42488097773444805,0.27815378664508605
1247,0.35994222524430586,0.28604932977797554
1248,0.27260988266261255,0.40268654527579895
1249,0.2866802714312351,0.4593542491935627
1250,0.34132686846044863,0.2772913578465781
1251,0.50688403939625,0.21725664087767904
1252,0.641987088631437,0.33935074852207314
1253,0.2808974547444697,0.3287463544850562
1254,0.8254952269217346,0.2573793740323023
1255,0.4698933871416207,0.27483813577383165
1256,0.2682970859512909,0.1785720330897897
1257,0.5802377948888876,0.3540260380662012
1258,0.5495986498476237,0.32907630795634873
1259,0.23631029812465146,0.2076689898206533
1260,0.39162847806423673,0.2983145493442645
1261,0.15456766095110433,0.3992865240260036
1262,0.22794869133313125,0.2144637997324141
1263,0.2940534168552812,0.3331103098493677
1264,0.07842333139836584,0.3643042174976064
1265,0.10404947305969209,0.41113452123052713
1266,0.22706787618370347,0.535191028266022
1267,0.14506735205328286,0.5245963423571519
1268,0.2457444053769353,0.3856621220494303
1269,0.2645808502417799,0.5678329283497903
1270,0.25990409945153986,0.4965399905106683
1271,0.198463858631289,0.568342236117228
1272,0.2024224927799625,0.2449089409139557
1273,0.2722369675366645,0.4061078416496994
1274,0.18371630434086964,0.4897179704863307
1275,0.3174481120862714,0.5518394112603087
1276,-0.011984671638570584,0.18058301748898595
1277,-0.07303968775138732,0.502569202681454
1278,0.5974860530468866,0.4925806292013615
1279,0.9324059493081481,0.38512941630575537
1280,0.2153400514429974,0.46539144967234686
1281,0.7981339746888748,0.36011780251065023
1282,0.4879291894468343,0.3753038032026584
1283,0.2500017460952994,0.5125877326166254
1284,0.0174059101619103,0.4123266816904155
1285,0.5953533621668663,0.39465590197821765
1286,0.20141045625189516,0.5251113581965189
1287,0.07956803816957725,0.49169947575910233
1288,0.1280905132839119,0.4806681942638021
1289,-0.029749928264643084,0.26608752182520123
1290,0.08023235358487153,0.31819679517398586
1291,0.13590670224814996,0.4436754467142823
1292,0.24232254679878576,0.5185418964056537
1293,-0.1129448944236345,0.30099255123431645
1294,0.07979664363438475,0.37488085939056703
1295,0.4023233148921343,0.3810089315713951
1296,0.6139080756794196,0.31331610542311844
1297,0.026841717975568894,0.35320221558772963
1298,0.6067708594071304,0.3383831423191387
1299,0.09608551746755399,0.25748448317131983
1300,0.2931129330583346,0.40041950810753313
1301,0.3370580102025398,0.29208373940422205
1302,-0.43963643001441116,0.38218210451198087
1303,0.0458897753051617,0.3741200391345205
1304,0.12234136148868044,0.5567353427482424
1305,-0.019334336674589545,0.26697595142503155
1306,-0.11374855011938115,0.4384579247547839
1307,0.06408057827728987,0.4849787660588503
1308,0.83211065181986,0.3183862826475713
1309,0.5991676679466037,0.41625408901239785
1310,0.5702855666227001,0.27988819882921184
1311,0.7471431466666717,0.32911933156347206
1312,0.5719076465117111,0.3415322389761995
1313,0.6141289460759992,0.4049461720840837
1314,0.1311276458472333,0.19607742400312325
1315,0.8370300611149798,0.26943334167640604
1316,0.6986806289932703,0.3296630549822546
1317,0.6450364301447168,0.36172249428486364
1318,0.14299619684769727,0.17514522790606882
1319,0.6005595253657992,0.29987401761841465
1320,0.654519748845127,0.26438173128446263
1321,0.628177869114897,0.32965996521371355
1322,0.6954990846558172,0.35348158464290885
1323,0.5177724312349077,0.2803989229101802
1324,0.5951258362555988,0.42179137643838993
1325,0.6434097640590409,0.34063138195124243
1326,0.5394954718210445,0.441399068245385
1327,0.49924559489355674,0.46127913672761056
1328,0.8228875787128094,0.3814745942388606
1329,0.6541653752113221,0.3636183975952129
1330,0.551983951398053,0.4388293736481517
1331,0.395665317589035,0.23727610393329948
1332,0.8147600868287337,0.20647018991462632
1333,0.6092071545783858,0.39986071755309105
1334,0.5231388160866364,0.3957062552276678
1335,0.48088570568249583,0.22868401896272395
1336,0.6933096639581996,0.22056367038937055
1337,0.442567076136509,0.2437800740426939
1338,0.18927864176662534,0.29045863488701845
1339,0.3795859230287162,0.31402859438334924
1340,0.12377739741245425,0.2340537434472485
1341,0.30742518262547314,0.2682279619189135
1342,0.6013606419381098,0.26457194200379497
1343,0.5226647502950935,0.2112021110201245
1344,0.42143820766289003,0.21878029384038278
1345,0.7237961604188042,0.2724959675734597
1346,0.3144396120760291,0.43721703720618077
1347,0.06948628938710376,0.23423666045054944
1348,0.5121677554175004,0.34792158965744896
1349,0.18309539779704093,0.3367050825592091
1350,1.7045504872740294,0.5320552281215549
1351,0.5364680556725018,0.3038695544173182
1352,1.546270111951308,0.4079028092060834
1353,1.05601300160486,0.5418720982729368
1354,1.4983122585995128,0.5363529328916877
1355,0.12675057439711795,0.23314798040736215
1356,0.7692023225843979,0.4182017683019237
1357,1.0242664457859898,0.38914438065010953
1358,1.4305143968255696,0.3968596688012033
1359,0.18827785318477727,0.2042072563798241
1360,0.6464546531396584,0.4278459007331433
1361,0.6796109722480067,0.33708628062350177
1362,0.66069293754404,0.39318107908077016
1363,0.46028603121299067,0.45966925005363846
1364,0.49724003970212,0.38549842230364656
1365,0.3307776828210146,0.5556916481380982
1366,1.7199982802146476,0.4169137361794881
1367,1.2079874465782048,0.6031215759752412
1368,0.33693199444401506,0.5524273191192016
1369,1.4341533268101276,0.38902654365292805
1370,0.8802426870103454,0.5035985308104579
1371,1.1782134264366726,0.5254728332224965
1372,0.1818750516128785,0.35921642648869073
1373,0.6535587267999807,0.3440678037765771
1374,0.9677936863736505,0.4779692144342712
1375,1.2258192896706208,0.4859285353349368
1376,0.21709605431540485,0.3334246432564306
1377,0.5280903244469529,0.36250774953934456
1378,0.48796928167932474,0.33354682171374916
1379,0.42711005831275817,0.3745331499689761
1380,0.21662194937469512,0.40169594170671424
1381,0.3463077490375093,0.3607472724576997
1382,0.41652661982528705,0.2532313206820361
1383,0.6775799571304054,0.42859740969328936
1384,0.26994826636386066,0.26301968360432143
1385,0.21684575610587215,0.2759813581283269
1386,0.7899332456683948,0.515512911944109
1387,0.683459842657661,0.5886449108756335
1388,0.20720991530318966,0.23397591347699326
1389,0.7206292907964513,0.4993490531152609
1390,0.5432341318052247,0.4171009994689072
1391,0.5102876992102182,0.34432560981489174
1392,1.331446770022835,0.41399348562725063
1393,0.9296296049268744,0.51754407048951
1394,1.5746635886275666,0.49263776311359286
1395,0.16538855193651697,0.2459422142304617
1396,0.6251147462329578,0.49846217902623885
1397,0.9890370675429597,0.4416656404769679
1398,1.4775402658182548,0.4340904183402538
1399,0.24481117054623644,0.18392925632106952
1400,0.5924189518425755,0.4563631803302844
1401,0.5284143730636381,0.4839480441491968
1402,0.4844146906162366,0.4885515537369
1403,0.27004045896754303,0.5170565264689004
1404,0.2960699421803176,0.48755215425682263
1405,0.17759061593064535,0.6042999522214676
1406,1.5730063332741107,0.4311476043592127
1407,1.6774977568547844,0.6342206739756191
1408,0.20715791700442784,0.5969310855050975
1409,1.3898465347308362,0.3583591991429914
1410,0.7996732668834257,0.504600259952266
1411,1.2489673888340356,0.4390712586340078
1412,0.16772136210398209,0.42176203754854147
1413,0.5938445008637749,0.3544312996518572
1414,1.0633741257529132,0.47590799069507556
1415,1.4166520440679715,0.4484792494550058
1416,0.18825958331598597,0.3894360041595567
1417,0.41540507074630506,0.3818215309211135
1418,0.39533855068788437,0.429090460342513
1419,0.44450640446503104,0.377567618616413
1420,0.11262479704182107,0.42680391769605464
1421,0.27845787837787067,0.3761606010882377
1422,0.41724040567115406,0.24718671792783412
1423,0.4804738409406604,0.4835548693329351
1424,0.11508118829863724,0.35101757170095543
1425,0.18345682891031584,0.2536828082016708
1426,0.725776085259892,0.5040039671312004
1427,0.8440095333514804,0.5623739785508723
1428,0.20168460834828225,0.24373445776395605
1429,0.6503039194385971,0.47093270978139307
1430,0.517389232621959,0.46469282405606394
1431,0.7246128695525371,0.316702568526517
1432,0.5499586635925103,0.2791379974384045
1433,0.6448220184799317,0.3607700793322338
1434,0.8059825441578216,0.16663721362046008
1435,0.8828979985161174,0.21967356551620476
1436,0.8321568114719733,0.31345046457951814
1437,0.586313304608302,0.3311693809924406
1438,0.19449594355514604,0.21063846157290356
1439,0.4474082139720539,0.31771844614403943
1440,0.5863297252610249,0.2509097764077046
1441,0.4247413199148101,0.28968821617434115
1442,0.3916318033571883,0.24011250232494938
1443,0.3214563647360403,0.2551820382637582
1444,0.22634824527501177,0.32478118106018433
1445,0.5363908709786924,0.3124887303585562
1446,0.4476993453009745,0.3533138701472848
1447,0.8408901465823768,0.38797369655699193
1448,0.7819885051630119,0.34787804107537124
1449,0.5792525709118393,0.2564545281016929
1450,0.6318905972810823,0.35261555074606526
1451,0.6537296059098524,0.26715334938600144
1452,0.7499815607747025,0.24428142835450076
1453,0.6591847983998537,0.3330152006545722
1454,0.5876356288767337,0.35945406613931336
1455,0.4930173484830536,0.2800768676139641
1456,0.6723862796909538,0.2451496675230476
1457,0.4765101426962035,0.2669006535455
1458,0.2409760686192085,0.2877752790335786
1459,0.3362871169873113,0.2513630156281877
1460,0.22330377471466223,0.28550125315910724
1461,0.39712264893254345,0.2366375938622343
1462,0.4795654568849278,0.23500958576791323
1463,0.21546920303495526,0.21542834058310664
1464,0.24516355123713304,0.35838499325891576
1465,0.45026636467625974,0.3628986256130862
1466,0.5112180274300221,0.3949078835717604
1467,-0.036239421095600584,0.2042361330566258
1468,0.3482874400909284,0.36435581670580847
1469,0.187461321927528,0.39777589201759256
1470,1.3866633698219926,0.5206090706377277
1471,1.4912065594439428,0.4894565117958044
1472,0.23060970968559363,0.249342354225783
1473,0.9194143185715397,0.4246649175681938
1474,1.2268182109365349,0.37635952290599134
1475,1.3912031041955095,0.3922318889843726
1476,0.22236452566597675,0.17829997676106685
1477,0.7257053540117765,0.3994083498796381
1478,0.7827673674983852,0.3717699192294101
1479,0.6343438574953384,0.38279238098798263
1480,0.5459168130076788,0.47401963803032743
1481,0.5339954470055206,0.3930606387589071
1482,0.25018900916425835,0.494999517721502
1483,1.3599449471763283,0.3393786494356957
1484,1.1111186385018945,0.44643140861738606
1485,0.4105261532792575,0.5688154682774798
1486,1.3797393184533522,0.41020017075890397
1487,0.9703970724679221,0.42983927230348495
1488,1.1938976433842876,0.46738844299558313
1489,0.25168955364990936,0.3181759728037015
1490,0.7523041168679302,0.3219336436893565
1491,1.0104893290382593,0.4715983122962626
1492,1.2971572680378909,0.4085207358972153
1493,0.28075154476387704,0.31413656538579726
1494,0.588156581199651,0.33993054714873094
1495,0.5657176952905346,0.32325459697012376
1496,0.4834860723915443,0.3718028151842552
1497,0.2467882972409298,0.374830009165121
1498,0.3678151076542873,0.3845864494230781
1499,0.4353389216898154,0.2536518345955724
1500,0.7409295178869896,0.3681182288014288
1501,0.3408677981405935,0.2571387070028163
1502,0.2597639279134988,0.2787111516928652
1503,0.8573466570605028,0.47728130919570716
1504,0.7429005900248036,0.5465343864043426
1505,0.2041195997387688,0.18656602752411894
1506,0.7911622322569646,0.43852618126295734
1507,0.5799941963256902,0.37467955270682624
1508,1.0123997241050284,0.5728281960160947
1509,0.1464926379096327,0.19718073256549998
1510,0.7270088175654114,0.3383606218602389
1511,1.018797123356123,0.41823803669250065
1512,0.9350368401721152,0.48676255780228467
1513,0.1875327032671503,0.18310992117338182
1514,0.5697534641315922,0.3416314054330435
1515,0.7397701996439375,0.39010526356329794
1516,0.5804324820345446,0.3700060314151271
1517,0.6314666062398944,0.47839652440802405
1518,0.5606930197831234,0.42556989165253106
1519,0.20226920352510797,0.4251072892079642
1520,0.9549658784802135,0.4647944614756943
1521,0.856740885926968,0.5026749339740825
1522,0.32692810188166427,0.4611418102623951
1523,0.9130823747594891,0.5485256226704861
1524,1.045543804712422,0.3140377021186902
1525,0.8537815912548317,0.5556933091924923
1526,0.23447944699843581,0.3044110536015943
1527,0.6031823546019298,0.32622433916085475
1528,0.7406124869771503,0.49945727054047967
1529,0.9257967537373382,0.4821497102129334
1530,0.3140415743197931,0.28996313832978826
1531,0.4152454222709539,0.32326306347784634
1532,0.5813645104573737,0.34525795197398274
1533,0.5291272622921225,0.31148805714596584
1534,0.26326853058393984,0.37025913556763684
1535,0.36324431989577044,0.41955563345897956
1536,0.3788648665236195,0.2899417136682108
1537,0.7297153725956769,0.3683742844037827
1538,0.5352243772485589,0.274067483066614
1539,0.23482262021360875,0.23528790627702684
1540,0.6659427169137447,0.4463195928037169
1541,0.4811896948769299,0.5900218441769476
1542,0.26271970615857154,0.18979435025863492
1543,0.5421172156847425,0.43096294460668144
1544,0.4686116201562018,0.33872034216227714
1545,0.20172339533198028,0.27381668137670473
1546,0.6774923484337033,0.44418860643506125
1547,1.2853330428691125,0.39198422756156903
1548,1.783477518440443,0.3112603402942785
1549,0.2257823283740149,0.19306856180309045
1550,0.6053739572791708,0.5138530819326562
1551,0.6676535243878321,0.42381501396176624
1552,0.4761401552412316,0.3802938100667604
1553,0.2696936387018185,0.4763129923592727
1554,0.2844350012595827,0.38190933619293893
1555,0.11755276273357579,0.5077378704921046
1556,1.3686849081586983,0.39587052493862884
1557,1.2784721915485784,0.6122063543989535
1558,0.26628202385998884,0.5708291161664447
1559,1.5231661998629784,0.4367368052965084
1560,0.955878508090857,0.5185702546247394
1561,1.776408840772582,0.5321349536860221
1562,0.17002353497763684,0.3772269627747326
1563,0.7085296904274391,0.3497592177914293
1564,1.2518853069532967,0.40572764891815477
1565,1.801344196384132,0.4196305143274938
1566,0.17728402359699383,0.3595846754418902
1567,0.5915029786975113,0.3920564221819741
1568,0.5514769773261381,0.3655434364003306
1569,0.5360822822198985,0.373475274314544
1570,0.19740047932855068,0.4098508229161277
1571,0.3556157372889787,0.3726245747477424
1572,0.44083209192729544,0.2669391237753801
1573,0.6566577663239789,0.43554848033290594
1574,0.17848260510316408,0.2777281803609807
1575,0.19178725379677747,0.3190539133456408
1576,0.874234494626325,0.5599315216817055
1577,1.1623316010854259,0.5475587921640017
1578,0.12512348029879,0.23529941563663467
1579,0.8348248449597376,0.5161124598779554
1580,0.6096199448260079,0.43826143228536024
1581,0.398405718750583,0.17139406497696233
1582,0.2949077586421505,0.23323845855057018
1583,0.17612959627076272,0.2757362786806589
1584,0.04414217864316624,0.17135318763022
1585,0.13948615200235118,0.18050121181426823
1586,0.1629303320059347,0.19600050705038427
1587,0.1683798139267837,0.2274111908224217
1588,0.11447516228500232,0.14486545991750016
1589,0.1533740749494745,0.17654266783854933
1590,0.12295389803131156,0.167665745053321
1591,0.16905233556590107,0.23605635675781303
1592,0.11845134702009903,0.23789601072712008
1593,0.5808484118386443,0.23186500192804568
1594,0.2684716565324792,0.2407831170038407
1595,0.15855766758396836,0.18107073020083142
1596,0.21629561710847808,0.2592022049859414
1597,0.48747420022180715,0.28736677917118303
1598,0.26013434005208846,0.13596459695408422
1599,0.27101840332700705,0.2618001301557719
1600,0.16533018075863712,0.27295443517349277
1601,0.29844423956291255,0.28698826133959093
1602,0.2699684375357311,0.16481067623585863
1603,0.17927755452189154,0.19658414345826186
1604,-0.002516762603600537,0.24304669887784702
1605,0.14782824005828574,0.1582204509105114
1606,0.1102068661540534,0.2296904811105662
1607,0.20287546339227464,0.161622555616769
1608,0.12318651782558548,0.18747811495161434
1609,0.021404877672678704,0.1752836539167722
1610,0.10156863695880884,0.292469915749669
1611,0.08298595869827412,0.1960306783579113
1612,0.167721090109963,0.28760290259137244
1613,-0.08828388971573588,0.19716277490446107
1614,0.018755353071492623,0.23016067010971233
1615,-0.09329451246399506,0.2937647428070267
1616,0.940514073262422,0.39606213384547306
1617,0.7131478204635621,0.43910009018899454
1618,0.19350810827657738,0.14264153287519138
1619,0.729426944088956,0.2223193539633443
1620,0.8532986009406364,0.24444341286771165
1621,0.6083675529693112,0.27899322209193145
1622,0.8513687259583798,0.25984924190394
1623,0.6314836269162202,0.30479513571544475
1624,0.4372281072122621,0.3896378379317794
1625,0.6457982048223924,0.4202338238692995
1626,0.5208761928249411,0.46576475586654725
1627,0.73371045194508,0.3537877692290249
1628,0.884042045596116,0.44352728510290673
1629,0.6517975723640684,0.3603788805514589
1630,0.6261425376901616,0.3905155363699801
1631,0.6721303733013358,0.2158439063256508
1632,1.0000161557439275,0.2922594386544503
1633,0.6844127433554914,0.4275717846851675
1634,0.6208330934440615,0.44899084067214445
1635,0.6922167639961941,0.21255477499178613
1636,0.8754477568669938,0.2455088671918274
1637,0.5316704858706806,0.2871711400104744
1638,0.2106074388182346,0.301367972369474
1639,0.49857385013353234,0.25611917625330743
1640,0.2609185881748436,0.26107061967843137
1641,0.36120178767427197,0.2099003410900961
1642,0.5876621037718656,0.2950184467239298
1643,0.440884248110537,0.2377003552999219
1644,0.2771321350667756,0.24735430171709719
1645,0.6333936779483582,0.3532750494218186
1646,0.3718547135131804,0.40984514195317123
1647,0.09205992933698447,0.18200717095444707
1648,0.5019143641426873,0.4250223245103076
1649,0.13760905129454376,0.38456981713189076
1650,1.234113683619956,0.33011130097257047
1651,0.2370198865899617,0.1686186237812798
1652,0.5612505804384774,0.4133531614362614
1653,0.8617362007645967,0.3093228279809132
1654,0.5275090470417934,0.3148866104732534
1655,0.43675007222221207,0.42302237101383583
1656,0.3808744925904403,0.31111281397359325
1657,0.15684201020154953,0.4405126728862745
1658,0.9518091058550684,0.335184313007173
1659,0.8839785693772862,0.46059561645779423
1660,0.49058150982666504,0.5370987015113671
1661,1.2096174147219603,0.3790883999902932
1662,1.0517551150523126,0.34401012070048675
1663,1.1789053591124399,0.4095889029025196
1664,0.4433490595626005,0.3625266088104098
1665,0.9476367245554853,0.27480370595520526
1666,1.2200115316124422,0.41135067359770716
1667,1.1837779829715827,0.3934027728547694
1668,0.44038345657792993,0.3175056259448075
1669,0.7497062224083444,0.3126098047838818
1670,0.6924299780323616,0.2410689802952788
1671,0.5041765609386004,0.35228179609809784
1672,0.31154452412504396,0.34759080166430917
1673,0.33009822793433263,0.3028402291979797
1674,0.44715474437488134,0.2546463112455576
1675,0.6572783363615119,0.31317884887057906
1676,0.3456172093459519,0.2446223809289782
1677,0.3524128842614529,0.3142483316919458
1678,0.8719867387602834,0.3882779830988715
1679,0.9142427244915123,0.4122818737064492
1680,0.16237622793079695,0.18278176729868179
1681,0.7679714194179513,0.3887939436438143
1682,0.5130208414304743,0.37061100937800273
1683,0.23007573040328444,0.19234587977675152
1684,0.5792408184954018,0.4545825229226462
1685,0.7519813527788437,0.3963699358167053
1686,0.6502808453704285,0.373239074261916
1687,0.3266165324267542,0.49135973119063525
1688,0.42253790145406095,0.3577086888144841
1689,0.22273175363529157,0.5425645186378101
1690,1.3402943925114141,0.4080296331378354
1691,1.178158050865138,0.5534103312891975
1692,0.34349466971021914,0.5826576745943486
1693,1.3283302315291154,0.2931135942907046
1694,0.9028573054897565,0.47568938896317686
1695,1.3760185674083243,0.40331394869203996
1696,0.15480384373845826,0.3703193205674417
1697,0.6999700986984705,0.3120371245958999
1698,1.2473290048046832,0.4417888637728253
1699,1.8855618532879144,0.45696873778412395
1700,0.1516259109267612,0.3453025746464271
1701,0.5866966616563011,0.3562884393020005
1702,0.593400369810417,0.37465821649603465
1703,0.6101766039171399,0.38529604694610603
1704,0.17797159564468473,0.43457614167160685
1705,0.40121432811920427,0.3641979591457771
1706,0.41130799219304187,0.25297734340085143
1707,0.6430356945498299,0.3894313677241277
1708,0.23285622119025262,0.27362415418108715
1709,0.15020814313502603,0.2930048186358883
1710,0.8522866561642395,0.46301554709359444
1711,1.0138460946957477,0.5508522156105342
1712,0.162049784148595,0.23429579635080608
1713,0.7227275752596765,0.43294593785446744
1714,0.6439366130713181,0.4648720594340334
1715,0.10856931968610771,0.15022184397690735
1716,0.10481447599839318,0.2145268292079321
1717,0.061938529799869475,0.1871939241175966
1718,0.018176745874365775,0.16688663350500618
1719,0.036889609917049405,0.15857252142276634
1720,0.019415109997869877,0.17675862428405903
1721,0.16337090363138035,0.22013331673769318
1722,0.3326608858224714,0.15756345095491342
1723,0.07836623883735644,0.18472283885755308
1724,0.22613566904137644,0.20021177854817523
1725,0.2222018897225822,0.21271564059273737
1726,0.24084211220117413,0.20144550225251032
1727,0.16547257017282832,0.13962332529557192
1728,0.18280839249898923,0.15721575741943564
1729,0.19770346983448223,0.21853923764105856
1730,0.26717098401195877,0.19558588678784336
1731,0.1973852567741633,0.14596819854827842
1732,0.12989835291797347,0.17590865461540958
1733,0.12383448731238204,0.2608466545434085
1734,0.1253846449530658,0.22471194739449304
1735,0.038696507618477635,0.1713000610500942
1736,0.14485198906010346,0.22145463241334692
1737,0.15397454625248752,0.15267741682386943
1738,0.13913004296398068,0.24913821760613483
1739,0.09089443763673657,0.16309234516416302
1740,-0.006023048200895268,0.12050818507459046
1741,0.17584082946501534,0.1810764927859198
1742,0.19393539612544544,0.21870089695869846
1743,0.14529198313579272,0.178787642655991
1744,0.1878599072519363,0.17548411082858834
1745,0.1711204522554037,0.22515734797055842
1746,0.6875753192298961,0.2945106349425645
1747,0.3067925523660063,0.28659708574198967
1748,0.7728932630579943,0.24268445113981904
1749,0.4108875999605614,0.3170064475190185
1750,0.16729535211664792,0.4411887128840804
1751,0.543377236573321,0.378489605427823
1752,0.473496722166984,0.41381510875914085
1753,0.16644956136503924,0.3417960706065106
1754,0.7097103998983683,0.47150672699766116
1755,0.5265906086691534,0.4080465995236743
1756,0.5943153661755408,0.47749861938609905
1757,0.3013919942592953,0.20825309834900677
1758,0.6202745852209517,0.353207834005125
1759,0.49101744592588664,0.510046848443346
1760,0.4817733758221017,0.4793769990772808
1761,0.3756005342770929,0.2182448776371638
1762,0.787583718867902,0.32288392739079846
1763,0.41424691928805885,0.3862816109777937
1764,0.057178000023866124,0.34420785323200204
1765,0.6665955305536652,0.27357647554315623
1766,0.25184379956461533,0.30402453603678586
1767,0.2550563307490688,0.23812072134264423
1768,0.5442783359293392,0.2726865409051544
1769,0.3294871129534994,0.2505229600162528
1770,0.45443199848872,0.25429193847223375
1771,0.8562688240839896,0.483513057164876
1772,0.3965910840426315,0.6015026296995822
1773,0.29476734015730316,0.23143891135056188
1774,0.7891926269165818,0.4619024320746292
1775,0.16777129323276657,0.4474264699454308
1776,1.0165642833767377,0.30156023076920657
1777,0.8460384085020843,0.34831884805147845
1778,0.9903504836454072,0.3459833230361991
1779,0.4543074050630542,0.47593714098390427
1780,0.5818095011734955,0.38713079324701344
1781,0.3930875257233586,0.5259139043702894
1782,0.6681479013056827,0.46362214731086576
1783,0.6642925933190609,0.35345837178882117
1784,0.6475795863210204,0.34985515566074765
1785,0.6042813071529282,0.38184164640594803
1786,0.3025170726573185,0.23297906998476675
1787,0.6462336688269972,0.2168580652039378
1788,0.5572235618813813,0.35665995481610924
1789,0.619532310509616,0.42332939896079225
1790,0.33059101231770893,0.21460940154751199
1791,0.7392014396668232,0.22800082735882948
1792,0.9055505229145079,0.2603288090374147
1793,0.5319719767714316,0.26423617879866207
1794,0.6350464059497652,0.3336307927976978
1795,0.5899234070654942,0.2402933107058278
1796,0.3852074626845359,0.20976323466558008
1797,0.7900542547883145,0.33162222029976174
1798,0.7194769968168804,0.30254268566384684
1799,0.2997210082151481,0.22388538609427894
1800,0.7106201869596824,0.31919579905225404
1801,0.4847174136078936,0.43734409050545225
1802,0.29857355466705526,0.20962480466824596
1803,0.6466748023503361,0.39460529366809133
1804,0.36717498214088756,0.39752059540795137
1805,0.6747505620229369,0.4274424488928775
1806,1.2956733409287047,0.2750411931661748
1807,0.7794111805261786,0.4700674606975915
1808,0.5313402159426994,0.42173583448882
1809,0.3100253498257542,0.4596043397210616
1810,0.703302129431715,0.473286375724318
1811,0.4840191000115544,0.36361217387820416
1812,0.3705187991256732,0.3573376269052967
1813,0.361135148897368,0.34654911060606247
1814,0.12434786428632151,0.2551265029327893
1815,0.33706986078591117,0.20435538003592588
1816,0.3264072168030672,0.3412448792634885
1817,0.5111791115023218,0.37072818641315053
1818,0.11791792526073706,0.21880130945783016
1819,0.32384438952492567,0.20742829251965952
1820,0.5413487195161536,0.26388044711508263
1821,0.7659044849750072,0.2411073581015667
1822,0.22986299642393362,0.4493622947015009
1823,0.5299515865596316,0.2590539588992769
1824,0.3164763472990424,0.18012366990307793
1825,0.5837168915832588,0.2998815603162347
1826,0.7209043669819525,0.2667110608059705
1827,0.036010005088576304,0.2646683896819226
1828,0.3558030432139582,0.25605265809415445
1829,0.188552578109483,0.4271268279232183
1830,0.21253932958577668,0.2185578568364421
1831,0.24905858130559794,0.31724964291816665
1832,0.33825515975586307,0.3623373328811939
1833,1.0316146821138172,0.4424928545602487
1834,0.6404903583870011,0.42999479592512724
1835,0.3039939700331373,0.46621052073989816
1836,0.13447883974351085,0.4581508304652102
1837,0.566119456472281,0.38999721317813413
1838,0.36546714627030996,0.47697628033744854
1839,0.3497259589569402,0.4631916910290978
1840,0.17454226156447658,0.4148013047380076
1841,0.4327824423416004,0.22806793509971754
1842,0.5403194892006339,0.3237821960518693
1843,0.22520368395668575,0.4709885871696156
1844,0.17202599871291074,0.47459884917683104
1845,0.49020517697408383,0.21634638169423684
1846,0.5128194501985435,0.2714672456546307
1847,0.3714911920934854,0.42177817469824014
1848,0.07672928269856866,0.37767189203035556
1849,0.645472544667348,0.288130049323493
1850,0.10401822705748966,0.3474606089859493
1851,0.1618895190541022,0.20129292161545215
1852,0.4143924904762767,0.41859038035543294
1853,0.6102085705706068,0.38415792383996056
1854,0.42023414847950347,0.15922216987949936
1855,0.4557407146430343,0.4584381014164591
1856,-0.07417511160308989,0.4539888105708878
1857,0.24128860647359945,0.20741096198164324
1858,0.29994056650165385,0.4736128645793627
1859,-0.01043101264009644,0.45279542989704974
1860,0.7519001196892992,0.36849543607220586
1861,0.38037002936857045,0.4079294051589148
1862,0.12178271969420713,0.4243797949173789
1863,0.6801420788334003,0.39235772190803886
1864,0.33543105094882114,0.3706645970984399
1865,0.25509547446947833,0.39435699327528917
1866,0.1853286014369956,0.2977687560529089
1867,0.19461362587333564,0.267389223818123
1868,0.3283298600335081,0.20286891960757408
1869,0.19369875201614992,0.3118017775054369
1870,0.27239426249532916,0.3406020258767742
1871,0.23401378411973073,0.2610337972467038
1872,0.3395084936884309,0.27313601294724366
1873,0.4832202864191284,0.34749639641136476
1874,0.3845440627227214,0.263217882950984
1875,0.3145705129086777,0.47277579533780056
1876,0.42614493990116814,0.3239046597254074
1877,0.19048314558535856,0.17991772284124552
1878,0.5103375675404417,0.3759092488010595
1879,0.7769258161528526,0.3497572346150473
1880,0.11036655022829149,0.21813175993021017
1881,0.3322586308945347,0.25906229507556666
1882,0.009585656082821343,0.3757406703853385
1883,0.2503197180837829,0.21564919698132212
1884,0.21302891860014794,0.3277333297170511
1885,0.21804579544777616,0.3447045736576689
1886,0.23838835416123222,0.5696462146263669
1887,0.12432299334117523,0.5487369635273357
1888,0.6876916775520655,0.3979126949219445
1889,0.13081337624750394,0.492804134826862
1890,0.00783322914489898,0.42206272938605693
1891,-0.008318014971511498,0.4207573795116987
1892,0.25475067765493664,0.30573972415102935
1893,0.17606466617392127,0.3580538129913745
1894,-0.0131935024334707,0.4344345641700717
1895,0.0722532345887812,0.48118769467061884
1896,0.2649112936459838,0.3176695657460482
1897,0.07390788004169993,0.3210424268860839
1898,0.06642495369027525,0.40176576493527394
1899,0.17784066689555844,0.3742036815456285
1900,0.10940130933251614,0.37446073321908435
1901,0.015415236870508862,0.28253486746479933
1902,0.23216362208867808,0.18617617872604922
1903,0.22822060677303596,0.3639043567034238
1904,0.4351410962097408,0.37693894428425756
1905,0.06175778311442841,0.20078209620276175
1906,0.0635317759524329,0.4078170139600356
1907,-0.22161524144408146,0.38653466427787836
1908,0.08136797111580285,0.25084190017248914
1909,-0.08538593413861868,0.4055461550937185
1910,-0.18435014766618377,0.3187672167842667
1911,1.274031736444025,0.5372622012370746
1912,0.3208997181971206,0.5632493654773971
1913,1.3648022710782703,0.35273051265731287
1914,0.8402220858405756,0.4821067218183894
1915,1.1177410757797746,0.44189487564226815
1916,0.20059320664511254,0.3623351887318718
1917,0.6517896570500703,0.2989871040473103
1918,1.0319949593558007,0.472025506948125
1919,1.2522750476641034,0.4667190697842932
1920,0.18977733749198883,0.3180112252661396
1921,0.4496353198591271,0.3286657143279864
1922,0.45746870818642976,0.38561440438598305
1923,0.43451780691206116,0.36008158561067777
1924,0.12090190272253282,0.39480443383256975
1925,0.2969313346612385,0.3570931399063673
1926,0.37873738132254153,0.2443799661973322
1927,0.665326737183966,0.44741756923431236
1928,0.16852106888488924,0.319624506615147
1929,0.16273949819877948,0.22989408998352243
1930,0.7565550676321419,0.43303810036438684
1931,0.7707212682178364,0.5864967882612541
1932,0.16776840024814452,0.22781674336066265
1933,0.61900692517022,0.41934787921073374
1934,0.47288803575895205,0.42659076090512893
1935,0.07067983929128854,0.5326957519735727
1936,1.1243151525853667,0.5430376061299131
1937,0.7644532104809623,0.5528907505536249
1938,1.1833126311234596,0.5646039994887216
1939,0.17425688460723954,0.4101312194623247
1940,0.5567993354065981,0.33567833118506823
1941,0.9469281741930874,0.5116166962345943
1942,1.336752827089466,0.5419722342928909
1943,0.23066825128575202,0.36847650676466337
1944,0.3385562088441664,0.40462870050576183
1945,0.2847983652145414,0.4705373645383197
1946,0.42255073996634257,0.36754126093876416
1947,-0.011685168215414864,0.41426111364376306
1948,0.14677495161714704,0.3825474749680719
1949,0.4231575065010621,0.258803230138303
1950,0.4464658981825847,0.501259977979433
1951,0.09264850638556256,0.3537263940062355
1952,0.18855335374545173,0.24186338504913318
1953,0.6741132219523518,0.5234561797496056
1954,0.8067890909246012,0.5865508820895475
1955,0.21104379661609438,0.24612365398964617
1956,0.6165951978919627,0.5114597239781222
1957,0.4302728959044988,0.5382876043221064
1958,0.4030989133281458,0.5625391860682316
1959,0.371686738890459,0.4527693290248732
1960,0.19438255222383194,0.47200096891782195
1961,0.8091697817312624,0.36728908099397223
1962,0.48651748491745067,0.26948330503455953
1963,0.31700919450194787,0.47950921483241393
1964,0.23649051690605064,0.5466922570608389
1965,0.5795359575206834,0.3561873077262337
1966,0.45079656225172476,0.29538909394995166
1967,0.526334788646718,0.3371070181802876
1968,0.24394711934056204,0.37617883412272013
1969,0.3867505765622448,0.29870447940064143
1970,0.24950856584816847,0.30600029948321844
1971,0.311730805992649,0.2300361102853338
1972,0.39087816979980755,0.3454897447205259
1973,0.4385026395882404,0.2845112810903013
1974,0.07100522130415209,0.30905333950758024
1975,0.16177084078951545,0.3924988344534296
1976,0.07554254189199966,0.49673264093250447
1977,-0.052423699992785885,0.23266416678765253
1978,-0.037499174977647966,0.4072746514512951
1979,-0.06833893248093255,0.49596013190819827
1980,1.0235725084459821,0.5186994880205308
1981,1.435865921975592,0.4831617456037526
1982,0.32412424295029096,0.362339712812815
1983,1.0124680711753833,0.3546662909259603
1984,1.4148647139087425,0.39576358643477993
1985,1.2727487227094645,0.38582337451033955
1986,0.308158238118827,0.3219692778408091
1987,0.8426538040722148,0.3949968911104115
1988,0.6111920651672716,0.3330707975560357
1989,0.3555622750408043,0.39594286519841315
1990,0.28283319063421325,0.3809333816481379
1991,0.3348486503850907,0.33476978583385025
1992,0.4002975910897149,0.2685479709948554
1993,0.6310242554596274,0.43170001082430887
1994,0.19599428422208828,0.27788578393408253
1995,0.21375763258930064,0.2974461358836465
1996,1.0234257401360232,0.538800938999059
1997,1.04137342884057,0.5074980381872229
1998,0.0516696839981891,0.20647078763789414
1999,0.7847033376639049,0.45054978128103307
2000,0.4443006203181155,0.4055605687081275
2001,0.9961306738753964,0.5519609652300888
2002,0.3490269769990405,0.3353660090300577
2003,0.7871566831338591,0.2502311348342699
2004,1.0293475576174715,0.44724040334367365
2005,0.9424076932711881,0.4881587348881917
2006,0.3463011047398962,0.2745603914257259
2007,0.6884049583568723,0.24186536591971536
2008,0.9797449985649944,0.29110468882631274
2009,0.49028955089095416,0.32142685998415166
2010,0.5538847639755791,0.42465620456238723
2011,0.49029704598422535,0.30612851600761276
2012,0.34408456309981006,0.26866832634407545
2013,0.8766910085896176,0.2971982680768465
2014,0.5663921170813455,0.26931107826995676
2015,0.3176076233237657,0.2543933874120786
2016,0.8860344478364665,0.438797755282048
2017,0.7370815916540208,0.5361377207892838
2018,0.12804270447784383,0.213854344598969
2019,0.6969801529629654,0.4149239296699915
2020,0.5045613628564068,0.3621155550662977
2021,0.17835086592101695,0.3594167785270577
2022,0.7042235337903785,0.3405259764535735
2023,1.245697201651436,0.35623668657752516
2024,1.6505821804255576,0.37838312235775245
2025,0.18494087687816071,0.3381867766346039
2026,0.67171984627026,0.3509256041284169
2027,0.5859586334835135,0.36066173364036114
2028,0.49671947998507376,0.4033710760179709
2029,0.24985094954583367,0.39605961121600797
2030,0.41878997268431617,0.3419305469439306
2031,0.4131049536313162,0.30806640852287676
2032,0.6540115571716371,0.47895344131318174
2033,0.1778234955976086,0.31107646952441603
2034,0.20625397666644057,0.32372193645396796
2035,0.8863902271543651,0.522269771887781
2036,1.298834638035365,0.4576514173678631
2037,0.1240424697941341,0.21237156530930226
2038,0.9335322434034982,0.4627827936654105
2039,0.5661728805256345,0.426969839945268
2040,0.6506774486046384,0.2181186729518112
2041,0.3225137266698503,0.38094144755846615
2042,0.13731634002316034,0.3876103121695411
2043,1.1858915930926979,0.201466600016423
2044,0.5238266972501765,0.19149975638818398
2045,0.23974801119445993,0.2150663201128424
2046,-0.11355657823857562,0.2362277140854078
2047,0.3805545619325424,0.17591084910905874
2048,-0.08781661471060645,0.1543407787170281
2049,0.20522169758280914,0.16147206718534834
2050,0.19939449808482676,0.2029613770271162
2051,0.22440973165977504,0.1864264744568384
2052,0.3505091370451048,0.23686288252409107
2053,0.26914807118088685,0.3091166307853561
2054,0.04333229359974751,0.3302741670299553
2055,-0.013822033876018203,0.20972492642416696
2056,0.11699071493873975,0.3590773372252033
2057,-0.20986884578725626,0.3620511750697385
2058,1.1539667921105552,0.3373344990094075
2059,0.6761202146636004,0.32468690134501754
2060,0.6725351313843017,0.20118174667633495
2061,1.188324015144199,0.2847264067061124
2062,0.6603519402941191,0.2103157616983446
2063,0.12675398777154498,0.2196196092334049
2064,0.42080167834487364,0.2633333733352306
2065,0.1136825474772648,0.19854080032006657
2066,0.27208285238826885,0.22561804199733593
2067,0.5385182398699654,0.26032276110735725
2068,0.2916096844437571,0.16218178194382957
2069,0.3244570586895072,0.18555110012844808
2070,0.9716297082367124,0.23896448344543295
2071,0.6319259746977924,0.31031504086886985
2072,-0.06336542049544666,0.16292435691081564
2073,0.545139624918727,0.28395199248713476
2074,0.10982657517940397,0.32649046882245336
2075,1.2936114289801945,0.4281130086526946
2076,0.2865749219107412,0.3411079733707832
2077,0.8477559574323446,0.36142535646097407
2078,0.7078420585025919,0.3166024276534569
2079,0.3593250587491481,0.38912951461191997
2080,0.21910510714184908,0.39228082025614436
2081,0.2557619029074004,0.29689653852086095
2082,0.2946220183558997,0.2600688513830505
2083,0.47108196878850184,0.40139595368820297
2084,0.11245896041159413,0.2670997327249886
2085,0.17929935095807106,0.28714958850358063
2086,0.932400154276191,0.4176419135360507
2087,1.1923885624203279,0.4251576059032832
2088,-0.045163605773477486,0.2804588590244955
2089,0.6230400048045504,0.39436517724032355
2090,0.4046248179119048,0.4948376223016173
2091,0.1433169561516102,0.36930208141166293
2092,0.5341580012084539,0.36920753792236805
2093,0.5769644196670951,0.40183514523003877
2094,0.700616514099483,0.37372045860902886
2095,0.11629899521990068,0.43643043639231305
2096,0.3955612882435799,0.39212613136256186
2097,0.39942094699152036,0.27649949521791556
2098,0.6298053903552313,0.4400218349749605
2099,0.1957571129621973,0.2666673013177505
2100,0.12370023057567825,0.2827621538351493
2101,0.8124317334187237,0.4739151621150813
2102,1.1898579705166552,0.5477372016794927
2103,0.11677971959999883,0.22320455316139198
2104,0.7387261562227339,0.43870855779258705
2105,0.7094131135733946,0.4895385043939499
2106,0.5528641524574659,0.18278359366814265
2107,0.20233788576307418,0.2462104441095394
2108,-0.15025014109828583,0.23442332055852633
2109,0.3215824778671786,0.2033374961995198
2110,-0.1458304622095364,0.18124560661786274
2111,0.2101619276527637,0.1863850997473489
2112,0.2492545573984043,0.17715491803613567
2113,0.3433532960266946,0.18573246010744135
2114,0.40824691429208426,0.24284360471008953
2115,0.3412115357762647,0.2979384039239641
2116,0.053547910621228975,0.34222914433820045
2117,0.04534304851658262,0.21493654972233703
2118,0.19364999112286424,0.32557798239507224
2119,-0.16696265223834245,0.39357017630704727
2120,0.796336403007744,0.26386142384575667
2121,0.10684947807251473,0.254454833223675
2122,0.6867950923059744,0.25291596094114005
2123,0.34433103197606774,0.2181255727744935
2124,0.28283012575255556,0.22046641049469867
2125,0.6324600912294318,0.24921097385053947
2126,0.37966493364032844,0.23244432458894437
2127,0.32318312758098616,0.24535623520934155
2128,1.0231443890546918,0.3908514723795894
2129,0.6933672693867747,0.3440719573866877
2130,0.022237434825717252,0.1783637461874831
2131,0.7485031875649153,0.3126106017649632
2132,0.1846780905797085,0.3171612485198612
2133,0.5829132522868462,0.21467740766771132
2134,0.9115675827202793,0.49354168220450667
2135,0.9499298716441067,0.24514920799386977
2136,0.2669785996088825,0.18912284977623023
2137,0.8198401261933943,0.2925548579598219
2138,0.6859754052478358,0.27711051469291936
2139,0.20088084008422327,0.26712721464625294
2140,0.7195756766631697,0.31426833158395356
2141,0.6751057062187067,0.3464473368999196
2142,0.13049604946662183,0.26117414485997925
2143,0.6033037327524313,0.34467913806019956
2144,0.485547535748254,0.30648083879713056
2145,0.1389196463666569,0.341244433679083
2146,0.732498922652098,0.24217266022763034
2147,0.2967239572975583,0.20770458086328586
2148,0.5209189356432146,0.21552539923153374
2149,0.45866307682391716,0.19075613946922332
2150,-0.08994372148573088,0.303707058850322
2151,0.26260098646818886,0.33708550295978984
2152,0.4848074938006696,0.4158464574515021
2153,0.1770011387636718,0.23108867768969754
2154,0.3004139202522213,0.3713234071416182
2155,0.5796715648736281,0.35468684184642985
2156,0.6380476619587852,0.3412337152620053
2157,0.144090933743912,0.18107112372948844
2158,0.5736444324686469,0.3437249499915886
2159,0.5662384746991426,0.3468183286009163
2160,0.4208770294433316,0.19168618365377707
2161,0.5604675783444025,0.3988888408312935
2162,0.2154349681465914,0.404370931756024
2163,0.20710705220387562,0.1972256160637724
2164,0.5503340344028386,0.4394145169146469
2165,0.13606930452746357,0.4702437975078285
2166,0.20523971447278824,0.21084404600910764
2167,0.6148210012622328,0.2547100992755911
2168,0.5613020610690771,0.2366846974320816
2169,-0.07077744121612217,0.2709875951504806
2170,0.38010934340888275,0.2598949434001971
2171,0.4769336482024686,0.286430811952183
2172,0.27650958610021076,0.24873151661484738
2173,0.49693417991667493,0.3744987026024483
2174,0.5434135950392358,0.3018915864491247
2175,0.3780798542531501,0.22202522226381133
2176,0.24248828783480883,0.18942278663638876
2177,0.10449588351626882,0.21706790778329704
2178,0.24852591493583442,0.2744472463943535
2179,0.33130321878207447,0.28781350554694635
2180,0.16567850559176237,0.17170224042882062
2181,0.25975004538373125,0.2738347114441023
2182,0.1834475704602891,0.28214307455851423
2183,0.7770239467245251,0.25186377131522475
2184,0.2714521222280914,0.20997994097764092
2185,0.8150431736305238,0.2985955078941414
2186,0.49916865999692184,0.4822903967846566
2187,0.1985093674832183,0.14971531463414658
2188,0.7462379114166393,0.34902408254049205
2189,0.525943822965675,0.32252819137072036
2190,0.309469454672702,0.23538702264444572
2191,0.4886040828228576,0.2453892172448806
2192,0.041130362050083816,0.30769154270821836
2193,0.34433763646243437,0.26100614654568344
2194,0.40476049972180955,0.2856468008350895
2195,0.25913702663016397,0.26473927748682097
2196,0.49291271943774423,0.28605985208141144
2197,0.08184339052142327,0.34903940487721385
2198,0.37530826154239755,0.21166994064514766
2199,0.5711474900778655,0.2885418902687902
2200,0.25558735133073057,0.42501047859258034
2201,0.8602013771844593,0.5484443306785401
2202,0.24053391303308608,0.2475764407074813
2203,1.184183368785464,0.39184400949069376
2204,0.4576275903046979,0.5212755736198279
2205,-0.002578758789121477,0.23808329480972704
2206,0.8787123307661531,0.5068119317209202
2207,0.6406026946113104,0.5232481144815542
2208,0.40483014861962435,0.24953071499393523
2209,0.3093289377739254,0.33279346964966017
2210,0.7728077749104153,0.5334500281479312
