,ROI_001,ROI_002,ROI_003,ROI_004,ROI_005,ROI_006,ROI_007,ROI_008,ROI_009,ROI_010,ROI_011,ROI_012,ROI_013,ROI_014,ROI_015,ROI_016,ROI_017,ROI_018,ROI_019,ROI_020,ROI_021,ROI_022,ROI_023,ROI_024,ROI_025,ROI_026,ROI_027,ROI_028,ROI_029,ROI_030,ROI_031,ROI_032,ROI_033,ROI_034,ROI_035,ROI_036,ROI_037,ROI_038,ROI_039,ROI_040,ROI_041,ROI_042,ROI_043,ROI_044,ROI_045,ROI_046,ROI_047,ROI_048,ROI_049,ROI_050,ROI_051,ROI_052,ROI_053,ROI_054,ROI_055,ROI_056,ROI_057,ROI_058,ROI_059,ROI_060,ROI_061,ROI_062,ROI_063,ROI_064,ROI_065,ROI_066,ROI_067
ROI_001,7.254328619247669,1.0101195676557044,1.0330591940045382,-0.3267012024828747,-0.7042726616127026,1.2586252344208133,1.1677724832518075,0.8610897643615041,-0.9312835032895972,-1.1323581599810892,0.8401020947141153,-0.27494526127357133,0.09264455434642059,-0.8846256340578275,0.8213578245931342,0.24142116911535258,-0.5516882735785772,-0.415762450144909,0.8175439793941115,0.9405116902218569,1.0100961407752833,-0.3512671544296529,1.027913517276696,0.6438509511808121,0.688937701416468,-0.5157575087712136,-1.0147958099824559,0.5082351337496673,-0.29394812140729887,0.13796017534874563,-0.7692598865896434,0.16390423574831478,0.6597811564759932,-0.2591186019147449,-0.6346055468823717,-0.15316726337863526,0.5274550732170894,0.8838420966452308,0.8654807274690941,1.1566304913718528,1.14384651362823,0.9827304139314236,-0.7368637709691148,-1.0225329868650301,1.038724340355392,-0.7504517788885341,-0.2959231098109483,-0.7150147322218299,0.8018744716122088,0.32263138841018935,-0.6267341181072149,-0.7339240091793465,0.7846803443793265,0.6468745026728462,0.5682674710359553,-0.12184592621201733,1.1573036116408117,0.018075271819862765,0.19491170206111005,0.41999441399915227,1.0648932770851267,0.2272804521223131,-0.1823305597640105,-0.7964267613850378,0.10804946215591492,-0.3416958619273084,-0.6746082410744064
ROI_002,1.0101195676557042,7.254328619247669,0.6374523123191633,0.021257131301610565,-0.2426319771295752,0.864956449721553,0.7684198040487856,0.5336258778661249,-0.5189827395277073,-0.6367096501238326,0.6024130761925521,-0.15441774034288275,0.21362625633394458,-0.37387080013352736,0.6992785216237657,0.14544160201088852,-0.16569150464153914,-0.060400172188422654,0.40739999754008893,0.7853682940124802,0.5817500018830623,-0.07391803877285155,0.49918913909735296,0.6153470213038259,0.4704571885566586,-0.2822410645471416,-0.5495108910449953,0.4587392060535004,-0.09308620950646747,0.21217813425393584,-0.34564474835513936,0.14423215953809226,0.5809088043691821,0.07468883476463496,-0.16389261998797144,-0.048754326635376016,0.50177476546828,0.7619251223056585,0.7792018417010314,0.5993251556412896,0.7655749572093549,0.5527756499529123,-0.4531465319548807,-0.4940032449244353,0.5705713127334128,-0.3738016438033282,-0.002070169897148012,-0.23721784467905843,0.4331455396288598,0.31928283389154255,-0.16378557891200082,-0.23077996991047703,0.45929221815653,0.736732114632902,0.7990414607150372,0.22357165443379165,0.6944259151115384,0.3229241980351194,-0.009807245392987394,0.3111599700067985,1.0143577540853164,0.13415009247046786,0.10540543470693241,-0.23545751694801267,0.2643255114645609,0.08511047556211089,-0.2757710488670149
ROI_003,1.0330591940045382,0.6374523123191633,7.254328619247669,-0.5330182791226034,-1.1442733537899565,1.380784192262134,1.113467569581186,1.0431899657807935,-1.063143854275772,-1.3434699150534948,1.1147159130683302,-0.4000707407749174,-0.15557893977076315,-1.1445109705358463,1.1002328305295763,0.24319372910866388,-0.9005884966199411,-0.7767944171553458,1.0725818193724181,1.029151936348709,0.9374281518895864,-0.6069862920191956,1.1190738068247728,0.7236988347329482,0.7458390238550681,-0.6689901179562856,-1.3039331168785466,0.7011756332464805,-0.5253090676259857,-0.15601626041171712,-1.2650781562567988,0.33232821701965953,0.8085260083203825,-0.43421333111501215,-0.9249181423867042,-0.10055012846527107,0.6087793220818498,1.0107385066962373,1.0723920260401185,1.4257737416109484,1.4257559809522156,1.3559108877009152,-0.823771138568248,-1.3329060144521891,1.4585694715583097,-0.8581067398055201,-0.6068577458918668,-1.0824232768270674,1.097577646156661,0.45394799903780564,-0.7575887679098153,-1.1539253956927957,1.1403526516255214,0.7076596496712728,0.3786317100149672,-0.3629046228786055,1.1258105000713672,-0.06402108755101445,0.10832400929774814,0.3706359726374737,0.7833973039626646,0.24311588941881945,-0.197650496467853,-1.0438623108757037,0.001223165224442959,-0.6760840794220888,-1.1047811540612305
ROI_004,-0.3267012024828747,0.021257131301610565,-0.5330182791226034,7.254328619247669,0.9041259444658148,-0.372916563600511,-0.36301415840313245,-0.4179197997251972,0.5807253690272525,0.6397998339188161,-0.5486343091108633,0.33777523942521526,0.06858587308775176,0.7979597233216897,-0.41000221647559476,-0.03471526243578044,0.6364187999094689,0.6794173013686065,-0.4521541485506866,-0.3238712494223487,-0.5420922161778228,0.42233039848798826,-0.5414000145222633,-0.10891690371005303,-0.44418661595000436,0.3240795978078453,0.5457822391405369,-0.357265962758893,0.3431705681839291,0.14828218223379383,0.6846940647465931,-0.3507792028315523,-0.43472141203377557,0.39900526006954123,0.693766386257231,0.12737154920850668,0.00702621357299956,-0.32378399435014693,-0.3858784968925617,-0.5436969540654818,-0.46533249060190174,-0.4857593577154495,0.500858362437019,0.613439354271742,-0.6618030333434033,0.5535342940665268,0.3763569738991303,0.7711008111652496,-0.5372983525065946,-0.11983465994477074,0.6908577822893142,0.7399232810173529,-0.5802775218280417,-0.10794241987857271,-0.07958434051339816,0.3839223604542335,-0.47666516806284503,0.22400305330128542,-0.17335198753331388,-0.2896301807698525,-0.43119180639653204,-0.22295963022175683,0.5426495541829068,0.8451534070258468,0.2935110710359104,0.6329387328534929,0.5334617216533486
ROI_005,-0.7042726616127024,-0.24263197712957524,-1.1442733537899563,0.9041259444658148,7.254328619247669,-0.8612577133076784,-0.7308564847941931,-0.7746469264186064,0.8036574262813466,0.9796532762972223,-0.9509424263153725,0.3030590550269255,0.12351763820778405,1.0971743291965625,-0.7614660147524247,-0.20057337453265617,0.8855039217924996,0.790136457222405,-0.8933207817729029,-0.6795199697311199,-0.8273465983602601,0.6364011272374334,-0.9877697386699571,-0.6150987128034628,-0.6437680619241758,0.46558217951240316,0.8815997688377081,-0.6460279061275025,0.3150063866065093,0.029279184985735823,1.0996844638381778,-0.403326983384445,-0.7631495721409606,0.4571133376712877,0.9357873323979272,0.10161723697393368,-0.5149746657021526,-0.8255654315546552,-0.8292240783340162,-1.2440528758684568,-1.0417156354405785,-1.0375067608984716,0.6032725345086294,0.9536729143814159,-1.163775006241722,0.7139343507805317,0.6170006083906859,1.013434116967804,-0.9565773276842057,-0.3427327431842444,0.831767378125637,1.1692676697903093,-0.910859682023859,-0.3734486811284733,-0.19906910837402875,0.4323034462972749,-0.9237753656338554,0.10321622543036255,-0.2638649928693371,-0.22403944875497386,-0.5014919387277544,-0.22053697565252123,0.5303966321771404,1.4054531534332915,0.05834624834568185,0.9659009510528128,1.2513957628036436
ROI_006,1.2586252344208133,0.8649564497215527,1.380784192262134,-0.372916563600511,-0.8612577133076784,7.254328619247669,1.2543712264153966,0.9110061301620201,-1.0633984760956523,-1.2928708521276755,0.9757532953990279,-0.4761965089586486,-0.11604356609189409,-1.0506418873661447,1.0650757626156633,0.17727047384672345,-0.780614759437911,-0.62396741555904,0.9644751143906986,1.134601194875522,0.8676584144656379,-0.5341245353291114,1.087009739080466,0.6818040393491677,0.684527454249931,-0.6719200046959491,-1.2064330309153721,0.6728311948712933,-0.44016762864967196,-0.08569833149829058,-1.02416607492305,0.31702048020180423,0.7553033091598362,-0.313844707852707,-0.7929353440729104,-0.12544141615386695,0.6227794390588198,0.957796053566492,0.9067885133560986,1.2844570068395456,1.3115836969759314,1.0504204598703004,-0.8571125217494173,-1.1890463510335916,1.2022929181386244,-0.8361941641899645,-0.41243874214987725,-0.8694829898871258,1.033466038627853,0.5103717373552339,-0.5801148449249174,-0.8936462811935296,1.0451793210421019,0.8501756303623796,0.5060102004805225,-0.3535660303305327,1.1065559979718216,-0.11179047781037338,0.07716523657045447,0.3766643024037484,0.8556519891564408,0.2879040169837733,-0.12156216380103627,-0.8471703298260852,0.05505363895458505,-0.4077731101627288,-0.8481636315474755
ROI_007,1.1677724832518075,0.7684198040487856,1.113467569581186,-0.3630141584031324,-0.7308564847941931,1.2543712264153966,7.254328619247669,0.8916782935995693,-1.0119393442201683,-1.144692898352178,0.7688052683056349,-0.5178540189341796,-0.1775367715358351,-1.089698236878974,0.7688792129633292,0.14395490291429525,-0.7026538694312162,-0.6613858521679764,0.7003825517252696,0.8442208469288517,0.8056863611475299,-0.4333135245721835,0.8658745360094776,0.7164966796268988,0.6218858669711314,-0.6678401492051541,-1.1603582643652177,0.4415081751771988,-0.5246492463256497,-0.14369121902092835,-1.0147175825777934,0.09365128285305277,0.6027349776583182,-0.42149702105914805,-0.8172239981469074,-0.0013540653376892249,0.38471689749888177,0.7744479626481499,0.8573568852987202,1.0128066362601689,1.169115994556738,0.9710744529894034,-0.965544917493461,-1.1070608240385433,0.988633827223185,-0.8697737632380776,-0.46978619262540694,-0.9209789901764902,0.7779046850397756,0.347291568563202,-0.625959409005143,-0.8361023159678709,0.8061110496203322,0.5595855119232941,0.37687496069322307,-0.29032206620156553,0.8427272259371376,-0.05853129034309682,0.13369197689824203,0.2599785489934792,0.7969490965205637,0.04782040624694317,-0.2173806166449525,-0.8287082320018481,-0.06004644244959864,-0.5126354966722668,-0.689903994330836
ROI_008,0.8610897643615041,0.5336258778661249,1.0431899657807937,-0.41791979972519716,-0.7746469264186067,0.9110061301620201,0.8916782935995693,7.254328619247669,-0.8045752562775863,-0.888944442359371,1.0034647429297663,-0.13746448667001698,0.011326387375580923,-1.0056623307223114,0.9632314529188022,0.3716039785085865,-0.6760298005529447,-0.5648831400389237,0.8649697910670525,0.8579019636425583,0.97517480643635,-0.49604321982909716,1.036209594311709,0.6256993761742787,1.135466880701909,-0.4877578587166634,-1.0275782305153565,0.7116137514262081,-0.33929264826218297,-0.025639514571758264,-0.9629661715352231,0.12477881079405477,0.789996229202519,-0.3538449914674431,-0.7236770119186652,0.022164209747356035,0.45246711733274864,0.7737783119279023,0.8830603109725642,1.0564503366974873,1.042680992162259,1.3421199973061881,-0.6662249966690486,-0.9526840726180354,1.2322112202101703,-0.6119703268467389,-0.3576607525538375,-0.897941231163336,0.8698742494747733,0.5073170409382105,-0.6433786611296021,-0.8689734255981924,0.9183345611829238,0.5804234154232202,0.368244756360397,-0.3373661232421694,0.9537187853019393,-0.017618027779910297,0.050908873926725724,0.514276569000254,0.7907145906067787,0.19001605022064558,-0.08312473948829874,-0.8626604829655969,-0.1375628377602267,-0.6463061643231477,-0.8274629917627435
ROI_009,-0.931283503289597,-0.5189827395277073,-1.0631438542757716,0.5807253690272527,0.8036574262813464,-1.0633984760956527,-1.0119393442201687,-0.8045752562775863,7.254328619247669,1.6989993532710104,-0.6039304070574028,0.732473956924004,0.23883800040343026,1.3305079094023353,-0.7586479577948845,-0.25846988734054316,0.8304677263270804,0.907807297246947,-0.730224077385817,-1.0418671407811568,-0.9372937633203026,0.5630922001205904,-1.0658273764394413,-0.452645931880513,-0.44534653303477745,1.2908934686589426,1.657878002436015,-0.36975366527840114,0.9236771644359221,0.4021608245322063,1.3602890567625452,-0.15026036861106767,-0.4600181330483478,0.6233722615233114,1.1257416954628372,0.04420129735071876,-0.4521621820478374,-0.6319378280008495,-0.642745794749179,-1.033279657408939,-0.9748607911694477,-0.8981573123540026,1.620044958544797,1.567942240763755,-0.9288841141252073,1.5762536979149,0.8146766329079075,1.3130427299669272,-0.7342051451700529,-0.12650750393843038,1.1092292925154157,1.151534598643071,-0.7918808549969922,-0.4542414276846632,-0.15619220859764454,0.4161072727012598,-0.8471293917018984,0.3083586072179304,-0.08212024170483373,-0.386057294565058,-0.6999140984154254,-0.25628558030120313,0.29731249861080433,1.0734860465943314,-0.024231877804717097,0.5536996300303823,0.6837963381926649
ROI_010,-1.1323581599810895,-0.6367096501238326,-1.3434699150534948,0.6397998339188163,0.9796532762972223,-1.292870852127676,-1.144692898352178,-0.888944442359371,1.6989993532710104,7.254328619247669,-0.8349564372131365,0.6462149033492522,0.17651469628661579,1.4219257241672385,-0.8548335426253927,-0.2016993588188061,0.9557578303548201,0.8898746235165536,-0.8943489091472966,-1.0656970062354296,-0.9932609244285906,0.5754665656578916,-1.0924259480551064,-0.5663038341639542,-0.5720304936170701,0.9657882485123875,1.7576104168195126,-0.5364123042930818,0.7187731186519497,0.2586580593939327,1.4046093716468928,-0.309018061579716,-0.6067931387048715,0.5945704640650015,1.094948460154403,0.07344328979571116,-0.49105087627661925,-0.7519755369531353,-0.803727903919149,-1.1684269694878724,-1.1866956928034604,-1.018225165377464,1.160123359793411,1.7678429202399848,-1.1428031403758667,1.2779369069635624,0.6920099540848201,1.2739496570851827,-0.9056138145698586,-0.2614549650434341,1.0373471797060803,1.2151728770089358,-0.9514963917630764,-0.5813268506560436,-0.2886944815491479,0.39492540996236575,-1.0330548976707066,0.17763668171001165,-0.07703634758123905,-0.49134950637494923,-0.8699098508388113,-0.28958322139307136,0.26363416027513875,1.1496893042352165,0.03713983841955013,0.5578012343834573,0.8169541685481323
ROI_011,0.8401020947141153,0.6024130761925521,1.1147159130683302,-0.5486343091108633,-0.9509424263153725,0.9757532953990279,0.7688052683056349,1.0034647429297663,-0.6039304070574028,-0.8349564372131365,7.254328619247669,-0.005485501547211508,0.20034623077317917,-0.8474320215211337,1.3903148402044558,0.4364486776769344,-0.5753295993874327,-0.4875356464891381,1.0830794072360708,0.885936788026188,0.9841524060996908,-0.41451207185593986,0.9883658601813125,0.543642978815946,1.0577129340287281,-0.28092542560652883,-0.8385406387718336,1.1479992440840328,-0.1127439877759521,0.10212085616348504,-0.7762946942734087,0.42877012597032327,1.3912682313766511,-0.05894568202212889,-0.5845817977106541,-0.1377736696103955,0.5747308189975168,1.0407193185228703,0.9240578640779928,1.0950670695519078,1.074709376947911,1.120499533007217,-0.4775705354813214,-0.8244045972029426,1.5321320911245235,-0.43754130926433144,-0.16477880646082083,-0.6843161677529314,1.192826359241179,0.7786511647289364,-0.4326875049765859,-0.7791853597114389,1.3001996606172173,0.8297693790912333,0.6673754320872959,-0.22858231036556,1.1784984754613077,0.09796198057087276,0.1864865335474857,0.6108033515037842,0.8808099343536695,0.34923875378196795,-0.13230957960201664,-0.7582787901557501,-0.08436429728763123,-0.5397686653188696,-0.8968840341546157
ROI_012,-0.27494526127357133,-0.15441774034288275,-0.4000707407749174,0.3377752394252152,0.30305905502692543,-0.47619650895864857,-0.5178540189341796,-0.13746448667001698,0.732473956924004,0.6462149033492524,-0.005485501547211508,7.254328619247669,0.8217194329680871,0.5564144168263653,-0.1099629919375692,0.418939458643392,0.7058209253822455,0.7214776416498164,-0.13482998197883572,-0.2757151767420182,-0.09680442565218289,0.39674027647909493,-0.20206562684156051,-0.20235068729573222,0.02944456515207024,0.7668531380207877,0.6110846552462743,0.19292200337025092,1.008512567949486,0.6505522285959199,0.6373747294044869,0.02548024563975218,0.07147515737494134,0.6637031630845973,0.6261693302177157,0.06495812235477061,0.04130684623771434,-0.11325171228548003,-0.10194797291991076,-0.23513971430463312,-0.3525190684254439,-0.16654939085239054,0.7297041315669706,0.6343179784370223,-0.1686314624535378,0.7781687604617673,0.6790958260288184,0.5959467405114804,-0.1581494449968432,0.07223875173254833,0.47983888583114676,0.5191749454867867,-0.24778391628239552,-0.2047293587422547,0.09686540016961326,0.4814306271047078,-0.09844475284235378,0.27669507782901237,0.1456573204904376,0.025466588280467863,-0.17351487807762972,0.054915627520595985,0.06575454530502446,0.39361729632688797,0.02408525862969784,0.14471794136346539,0.1982233316479813
ROI_013,0.09264455434642058,0.21362625633394453,-0.15557893977076315,0.06858587308775176,0.12351763820778405,-0.11604356609189406,-0.1775367715358351,0.011326387375580923,0.23883800040343023,0.17651469628661576,0.20034623077317917,0.8217194329680871,7.254328619247669,0.25586333282413193,0.16325125134565543,0.4839469428572088,0.6334499294002003,0.5940224082984153,0.07953560977852783,0.11622072059618659,0.27290088799448137,0.20955528469708015,0.10587769386787528,-0.1900693429931994,0.1043412255255566,0.4391565493676018,0.2620170511177085,0.35729853646260745,0.5861208432589647,0.7866677460265724,0.3561586994648008,0.030235801085898323,0.16206629873540768,0.4488342554144493,0.37629586995415326,0.029590465612810233,0.08778350738397259,0.06146656167343523,0.044837439159311765,0.04061345853122136,-0.10051681320250257,0.014784180082030403,0.1680553797746269,0.28901150458543234,0.06596453392483012,0.2252319306887856,0.6213007268347336,0.32445528556131953,-0.025428047776464124,-0.05685618433281904,0.16282266818185484,0.301132807951581,-0.011003695640443342,-0.07932963117398299,0.24777068205958572,0.39515008965157933,0.16512651079829163,0.1487928136624774,0.2027095209708719,0.20105642731731777,0.2749120787413628,0.35486989799480545,-0.1976788781808421,0.09033509305964534,0.19705483987556305,0.13857153499018032,0.12739217567638486
ROI_014,-0.8846256340578275,-0.37387080013352736,-1.1445109705358463,0.7979597233216897,1.0971743291965623,-1.0506418873661447,-1.0896982368789736,-1.005662330722311,1.3305079094023358,1.421925724167239,-0.8474320215211337,0.5564144168263653,0.2558633328241319,7.254328619247669,-0.802922524377242,-0.20670052153351176,1.130662754121016,1.148421885412308,-0.8352931742783214,-0.8376761463213623,-0.9874788332000364,0.6202758851422288,-1.1154928880813209,-0.5124259094801858,-0.694256489057194,0.8849773702916273,1.5974102672406436,-0.5707822528177695,0.6273208614504889,0.28134258787570454,1.769765073859513,-0.25380804868391105,-0.6712193804939552,0.6291615155900752,1.3854077399872822,0.014672883929998581,-0.3601014842625735,-0.6492998040031345,-0.68336878404293,-1.1257334805229373,-1.008717242166271,-1.0141473955395264,1.0879606769852852,1.5057481939746447,-1.2387825408438977,1.1275588460400916,0.6576595848183989,1.8623142413564802,-0.9829465725898707,-0.34694428206580225,1.0740719328069364,1.5539824222450687,-0.9933945345915887,-0.450781206169662,-0.20562880177029913,0.551986732392347,-0.904398622369459,0.27236269707817323,-0.12281209648725096,-0.4114639367729103,-0.6357074504147432,-0.17539629349079264,0.34530713350195286,1.388195308469932,0.2691094224338999,0.8307702710122717,0.9589422143935252
ROI_015,0.8213578245931342,0.6992785216237657,1.1002328305295759,-0.41000221647559476,-0.7614660147524246,1.0650757626156633,0.7688792129633292,0.9632314529188022,-0.7586479577948845,-0.8548335426253925,1.3903148402044558,-0.1099629919375692,0.16325125134565543,-0.802922524377242,7.254328619247669,0.5397008503528221,-0.5158415933676957,-0.48371462003543264,1.0714320861937927,1.1029516624776545,0.9118577585142846,-0.48352095142159185,1.0186444119793723,0.40984163955950526,0.8508313606380505,-0.456788372733729,-0.9136831128454586,0.9647787174872862,-0.244198169100962,0.021252565050654388,-0.7999799880624598,0.3388316087660436,1.1484498032918895,-0.06069401506867577,-0.5929400783838944,-0.1208987200454545,0.6603657734874199,0.931711509007254,0.7717790077460984,1.0912729860771582,0.9494646931176973,1.0321493736900436,-0.636522598639845,-0.8301456451810256,1.3413311733206548,-0.5335859397404565,-0.2102659500245416,-0.7126165297877757,1.1640932081163573,0.6866985990775768,-0.44002686862848645,-0.7525453956313802,1.3270322801911218,0.9240978069227881,0.5809468907888533,-0.23529973013834124,1.0967366957588411,-0.03981876326504631,0.16820393870802577,0.5691741647016431,0.8412946786852549,0.4893813342134536,-0.07580814420705763,-0.6774723616116788,0.10661314361421168,-0.44886118206938885,-0.7753296069543032
ROI_016,0.24142116911535258,0.14544160201088852,0.24319372910866388,-0.034715262435780436,-0.2005733745326561,0.17727047384672345,0.14395490291429525,0.3716039785085865,-0.25846988734054316,-0.2016993588188061,0.4364486776769344,0.418939458643392,0.48394694285720885,-0.2067005215335118,0.5397008503528221,7.254328619247669,0.1494872959716943,-0.08464076082271561,0.5024036761920542,0.5743081294857151,0.6094890081280556,-0.19954492186059536,0.46261279709948633,0.01880951857696398,0.260593465224631,-0.22835033935918703,-0.302212939932199,0.5194587558506967,0.017777614926882714,0.08645052078314557,-0.21933969667677564,-0.05083895314698352,0.4037829943198877,0.08076654702962155,-0.21211005726410034,0.014712915520267445,0.5047131064431796,0.37541124356700906,0.2717709192594228,0.43634619576278943,0.2550293503821017,0.43756909166781705,-0.2718187012479844,-0.22006043255519414,0.4225416115185069,-0.26701010278789394,-0.11693007113967584,-0.2658684312646128,0.3539470125613369,0.10309055467342719,-0.3562565892809224,-0.28065351301679764,0.36910881259496137,0.1251080638897994,0.09266922611311466,0.05979669021610627,0.496088727106269,-0.12448320321570781,0.24248442801942374,0.40153831173023086,0.2769075679552519,0.4409994455993153,-0.2352237440032179,-0.297075362235289,0.19167967810862083,-0.2782654118170247,-0.2778428822474006
ROI_017,-0.5516882735785772,-0.16569150464153912,-0.9005884966199408,0.6364187999094689,0.8855039217924996,-0.780614759437911,-0.7026538694312162,-0.6760298005529447,0.8304677263270803,0.9557578303548199,-0.5753295993874327,0.7058209253822455,0.6334499294002003,1.130662754121016,-0.5158415933676957,0.1494872959716943,7.254328619247669,1.1349661983335255,-0.5991059879064847,-0.4552180614918363,-0.4335247809641089,0.6515974235122117,-0.6461327124410867,-0.454592981247348,-0.5674424528902718,0.6891125087345874,1.0238608575476464,-0.31517994530069887,0.6328729937307868,0.4491575384482577,1.1634634925297205,-0.3402324637754638,-0.4746991545055286,0.7082766297291748,1.0418968982384775,0.00256000036316671,-0.22328334341018924,-0.4398641554306466,-0.47276058494373974,-0.6963459142017396,-0.775010211772352,-0.7015135025562832,0.60862250555659,1.1085220809677363,-0.7983232701068503,0.6452749207363604,0.6806870855088816,1.101333619412869,-0.8221354795867477,-0.44077817345623976,0.6866319284413368,1.1328106308099204,-0.8152937341256274,-0.5489897218931886,-0.1624442478318381,0.6910168393622131,-0.5495100545509147,0.17110142170421141,0.08620431367642155,-0.33457432380235974,-0.39819981195161874,-0.05898471671035523,0.015101519345594042,0.7957547792626837,0.34289980160195815,0.5941198175984205,0.7172563920069108
ROI_018,-0.4157624501449089,-0.060400172188422654,-0.7767944171553457,0.6794173013686065,0.790136457222405,-0.62396741555904,-0.6613858521679764,-0.5648831400389237,0.9078072972469472,0.8898746235165536,-0.4875356464891381,0.7214776416498162,0.5940224082984153,1.1484218854123076,-0.48371462003543264,-0.08464076082271561,1.1349661983335255,7.254328619247669,-0.5505845644423564,-0.44475817065203394,-0.4865599835113146,0.7690045949693528,-0.5927965962350144,-0.3243749486794749,-0.3450462025890562,0.8573747216082616,1.0144439981502817,-0.3247438699317527,0.8651022135420362,0.616544221789694,1.296089715994885,-0.3037750165390173,-0.3063544493879087,0.8030555216721011,1.6897303634703866,0.018401519249708235,-0.17024657906035912,-0.3463205632026971,-0.3477405713644533,-0.6434452941874135,-0.6449223863665657,-0.6657153374884862,0.7583691052714272,1.0947206331147379,-0.7710182245135212,0.8850625126817162,0.9834698412196756,1.333428386025354,-0.6929637609861153,-0.18301714108832412,0.9824826157461238,1.469109437852262,-0.7604603012803447,-0.23501894950030947,0.08630874839189835,0.7753413732725236,-0.4564928410023454,0.4030004902149408,-0.015469234693675515,-0.19154301396673704,-0.26286330890150783,-0.10971988011808002,0.250850183078503,0.9035324452040221,0.31796021252466344,0.8016528364719265,0.7835778409775264
ROI_019,0.8175439793941117,0.4073999975400889,1.072581819372418,-0.4521541485506866,-0.8933207817729029,0.9644751143906988,0.7003825517252698,0.8649697910670525,-0.730224077385817,-0.8943489091472966,1.083079407236071,-0.13482998197883572,0.07953560977852782,-0.8352931742783214,1.071432086193793,0.5024036761920542,-0.5991059879064846,-0.5505845644423564,7.254328619247669,0.9629787619579364,0.9559122837139526,-0.5589552333533299,1.2090516753188851,0.33356297373561794,0.7420281828965158,-0.437579262883699,-0.9085987854319498,0.6921311067423483,-0.30438981960723216,-0.0279875056037744,-0.8193461939777921,0.22347497137129474,0.7366669899861408,-0.2942666873000178,-0.7492547943813005,-0.24402603851483295,0.7315548249160047,0.7912216400358383,0.6656686687359454,1.2038917345792846,0.9213635000645111,1.1628111116620117,-0.571961094982849,-0.9048979221584578,1.1493851978147103,-0.650490745590098,-0.37256622387951466,-0.7960779499632966,1.076477909268298,0.4586713791571489,-0.6675481440692141,-0.8993830337089608,1.1263976981142958,0.5934548047902628,0.34289174560751945,-0.405138863411189,1.1477306626702757,-0.22051552420496648,0.2789806813447086,0.5563844546855289,0.6273176125876688,0.5873966780153744,-0.2172044852864259,-0.8723712218408421,0.048440563799864784,-0.5661819465918022,-0.8743118070014566
ROI_020,0.9405116902218569,0.7853682940124802,1.0291519363487092,-0.32387124942234874,-0.6795199697311202,1.1346011948755217,0.8442208469288517,0.8579019636425583,-1.041867140781157,-1.0656970062354294,0.885936788026188,-0.27571517674201806,0.11622072059618659,-0.8376761463213623,1.1029516624776547,0.5743081294857151,-0.4552180614918363,-0.44475817065203394,0.9629787619579364,7.254328619247669,1.1230008829951956,-0.5403546111193555,1.1261500643941353,0.487629285176422,0.5926795259900645,-0.6160550078624233,-1.0352625842528196,0.6348078526186642,-0.3645702350757591,-0.07352231042360677,-0.8272966863766436,0.11765778854034317,0.7014929319544003,-0.24642217272767328,-0.5879723850532622,-0.06729972677229347,0.8686396421254379,0.9662055554480223,0.8352129439937601,1.1528927989088098,1.1062732870596477,0.9865841435437307,-0.9203646688555821,-0.893300713344636,0.9428317044855964,-0.9259651747260269,-0.3841230662692963,-0.7510651813518262,0.7576069613891354,0.24982797956158445,-0.6917454129478019,-0.7497260222040335,0.8086200623710431,0.7433160871838136,0.4436312588632847,-0.200035200448865,1.1634821363959174,-0.002570357622271704,0.12982133815414862,0.5960913095288283,0.899975283162013,0.406415323922246,-0.19944908922978546,-0.7375853200639119,0.2692545642092007,-0.2632072961802398,-0.6097529373374984
ROI_021,1.0100961407752833,0.5817500018830623,0.9374281518895862,-0.5420922161778227,-0.8273465983602601,0.8676584144656381,0.8056863611475301,0.9751748064363502,-0.9372937633203023,-0.9932609244285906,0.9841524060996908,-0.09680442565218289,0.2729008879944813,-0.9874788332000367,0.9118577585142846,0.6094890081280556,-0.43352478096410885,-0.48655998351131446,0.9559122837139526,1.1230008829951956,7.254328619247669,-0.3344774832634677,1.4631130557410805,0.5966178940884774,0.6743308218859733,-0.5025756999014964,-0.9989510778990277,0.6827544035833316,-0.2538690499854662,0.11708343765270998,-0.8561614632649305,0.12290406183905224,0.7665337915189542,-0.24614593034673363,-0.7417258279028023,-0.08220675600037093,0.5936885551309663,1.0161455159988322,0.9113789557489627,1.2938911206227401,1.0716234529224797,1.120784734264165,-0.8081055557321243,-0.9190769253896419,1.1765201688604563,-0.8303335781195038,-0.3770398828931971,-0.8593318021060595,0.7235026639418847,0.22354965349467512,-0.8809326184623526,-0.8826990247191988,0.7922613265043617,0.380034398659089,0.44201344645098717,-0.13784651494498248,1.3110639897276835,0.0007391502915673711,0.1949885835293027,0.5127254717124469,0.9008262791168872,0.28540124846165316,-0.43156339490595674,-1.018284476804595,0.029219988551306513,-0.5970484444803685,-0.8079289422488366
ROI_022,-0.351267154429653,-0.07391803877285155,-0.6069862920191956,0.42233039848798837,0.6364011272374334,-0.5341245353291114,-0.4333135245721835,-0.49604321982909705,0.5630922001205904,0.5754665656578916,-0.41451207185593986,0.39674027647909493,0.20955528469708015,0.6202758851422286,-0.48352095142159185,-0.19954492186059536,0.6515974235122117,0.7690045949693528,-0.5589552333533301,-0.5403546111193553,-0.33447748326346766,7.254328619247669,-0.5471929428443058,-0.11491020840302502,-0.37849025405009895,0.417410649700334,0.5857083520682017,-0.34704819600806397,0.5122139616126345,0.3552004095773345,0.7095842482212357,-0.2165523786267291,-0.25662887002647816,0.5586027095898608,0.7315187571191356,-0.04320523864880862,-0.35876916703763856,-0.2859641184787275,-0.21930739905427982,-0.6003054435123121,-0.5311912398265894,-0.6301106951532465,0.5007326647149696,0.6431737202655043,-0.5901315420610197,0.6037389311104944,0.6230930735386536,0.7221422460500749,-0.6234777752511949,-0.09424955266616061,0.6747459533469191,0.8455974434240723,-0.6692675650337442,-0.3140390328088405,0.10980059712145152,0.9860730251893816,-0.4483852668652587,0.33235455305548267,-0.030556593919088246,-0.221918831705345,-0.22675580297137296,-0.3478600307462931,0.19882623921361725,0.6228240274712422,0.08500658533305279,0.44721155224459114,0.5902417434173548
ROI_023,1.027913517276696,0.49918913909735296,1.1190738068247728,-0.5414000145222633,-0.9877697386699571,1.087009739080466,0.8658745360094776,1.0362095943117084,-1.0658273764394413,-1.0924259480551064,0.9883658601813127,-0.20206562684156051,0.10587769386787528,-1.1154928880813204,1.0186444119793723,0.46261279709948633,-0.6461327124410867,-0.5927965962350144,1.2090516753188851,1.1261500643941353,1.4631130557410799,-0.5471929428443058,7.254328619247669,0.4901784215015285,0.8100467660837175,-0.5439597265030948,-1.0872081442871417,0.6373769169455075,-0.37596254942925994,-0.029965786370836134,-0.9678842153100806,0.1320618969875403,0.7506571648868501,-0.3680885462742768,-0.8599920581796691,-0.04404600636278036,0.7137720602668637,0.9121365034619922,0.8081837401230747,1.7439044566920092,1.1591809891210667,1.3135374103017976,-0.868702171221357,-1.0964867280628077,1.3145415527932771,-0.8259319136555349,-0.4756678709510356,-0.9620100238474085,0.9624023630541368,0.322458783534006,-0.8432128166358089,-1.0348360841507895,0.965398183841916,0.5245870362603842,0.35331320041918224,-0.34979542602714747,1.534951223541794,-0.17159299125417196,0.2613965234464577,0.45551687413623,0.756852327467693,0.36840254000571654,-0.3279666267279446,-1.1054464559576773,-0.005971526601037649,-0.6693614155676306,-0.9607948032159394
ROI_024,0.6438509511808121,0.6153470213038259,0.7236988347329482,-0.10891690371005301,-0.6150987128034628,0.6818040393491674,0.7164966796268988,0.6256993761742785,-0.452645931880513,-0.5663038341639542,0.543642978815946,-0.20235068729573222,-0.19006934299319944,-0.5124259094801857,0.40984163955950526,0.01880951857696398,-0.454592981247348,-0.3243749486794749,0.33356297373561794,0.48762928517642207,0.5966178940884774,-0.11491020840302502,0.49017842150152857,7.254328619247669,0.3917777707404893,-0.2920624457948042,-0.567814443363404,0.3235263072774827,-0.15630820259025896,0.07296555610887062,-0.5878386510566791,0.11775536490960227,0.5020471869186343,-0.20814553792836116,-0.37215869120886497,-0.061237098010284374,0.43933634467263183,0.9911467764751565,1.1558010808816364,0.656487570057502,1.0167551822442558,0.6799282037979792,-0.321467812646107,-0.5668120262389472,0.5735602071798612,-0.3851726101554358,-0.4526751881124492,-0.41441010715631643,0.3388480502530072,0.2634552805632245,-0.3660123179954822,-0.4741404312616708,0.3321210875159419,0.335717028285817,0.39134385520535203,0.06932376850397168,0.5488780602065416,0.4573114550926041,-0.1351638028828876,-0.010914522936023862,0.46858376002950897,-0.30360794960094445,-0.11199369167045685,-0.5092344595824205,0.09130001262781798,-0.3878601044173748,-0.6576762775376827
ROI_025,0.6889377014164678,0.4704571885566586,0.7458390238550681,-0.44418661595000425,-0.6437680619241758,0.684527454249931,0.6218858669711315,1.135466880701909,-0.44534653303477734,-0.57203049361707,1.057712934028728,0.02944456515207024,0.10434122552555658,-0.694256489057194,0.8508313606380505,0.26059346522463106,-0.5674424528902718,-0.34504620258905633,0.7420281828965158,0.5926795259900645,0.6743308218859733,-0.37849025405009895,0.8100467660837175,0.39177777074048936,7.254328619247669,-0.1386473643775556,-0.6257404796333428,0.7004102150902362,-0.05149367709424936,0.09721324408022536,-0.5543689868545453,0.11730244117877732,0.956018481221374,-0.08906898741822748,-0.3938363257584609,-0.058989749456394645,0.4049882350525781,0.7370058713507175,0.6964857324131192,0.8404063589910665,0.8345141634120263,0.9624335290717437,-0.33077092014303505,-0.6162401312335212,1.0107482375651533,-0.24330599180257423,-0.04013868391625893,-0.5161913845790278,0.8201641957604435,0.7821595438593635,-0.27801274916861946,-0.5270788049250485,0.8978869233202614,0.7569998328420752,0.6616638945874077,-0.1915929613164617,0.9195984965847909,0.13413349662877666,0.1045414855857363,0.6063376310442313,0.7983674667771118,0.23641995491887452,0.0974825470861232,-0.5043786344176664,-0.22313050609913448,-0.3683366809148324,-0.5631608659223751
ROI_026,-0.5157575087712135,-0.2822410645471416,-0.6689901179562855,0.3240795978078453,0.46558217951240316,-0.6719200046959489,-0.6678401492051543,-0.4877578587166634,1.2908934686589428,0.9657882485123873,-0.28092542560652883,0.7668531380207877,0.4391565493676018,0.8849773702916275,-0.456788372733729,-0.22835033935918703,0.6891125087345874,0.8573747216082617,-0.4375792628836991,-0.6160550078624233,-0.5025756999014963,0.417410649700334,-0.5439597265030948,-0.2920624457948042,-0.13864736437755554,7.254328619247669,1.1708622423456654,-0.22761122239495932,1.0804322867625171,0.6489480288949988,1.0793858150666276,-0.1504479337226447,-0.20539101842403992,0.5945645848980431,0.9452269892733253,-0.03923065567074474,-0.25506083746199526,-0.3076082843040766,-0.3372219254346123,-0.5400640493621368,-0.513502281280523,-0.49507596384862096,1.237419902790242,1.0409171607840533,-0.5415054067541415,1.1513359628082953,0.8709879564060757,1.0531270512071433,-0.5137038215845147,-0.0765582791957929,0.8327850716883423,0.8538284316555926,-0.5275080436137456,-0.2568230214578212,0.09319471055775072,0.4290354853946029,-0.3632245795753708,0.5180916116714557,0.0244178688697219,-0.20785008357165968,-0.29959263202865166,-0.1757750719248861,0.18173717502874376,0.7240719253154023,0.03765081510810085,0.504451609113831,0.4556503163600637
ROI_027,-1.0147958099824559,-0.5495108910449953,-1.3039331168785466,0.5457822391405369,0.8815997688377081,-1.2064330309153721,-1.1603582643652177,-1.0275782305153567,1.657878002436014,1.7576104168195126,-0.8385406387718336,0.6110846552462743,0.2620170511177085,1.5974102672406443,-0.9136831128454586,-0.302212939932199,1.0238608575476464,1.0144439981502817,-0.9085987854319498,-1.0352625842528194,-0.9989510778990277,0.5857083520682017,-1.0872081442871417,-0.5678144433634041,-0.625740479633343,1.170862242345665,7.254328619247669,-0.5413899428297745,0.7949162444863384,0.36182351513729977,1.6667191648879203,-0.19469176374718555,-0.6389105427257172,0.5782522509043058,1.2493598183002328,0.02405145695353488,-0.4570123053543553,-0.7454871727233002,-0.7221681863873909,-1.1048933090557789,-1.118559485682194,-1.0642202376403638,1.2410739241763977,2.0626659264897618,-1.1830143885000102,1.2435850234050378,0.7267456419003407,1.5410235154448035,-0.9702049194525351,-0.36528922021533794,1.0173402028088854,1.3591873266453995,-1.0431901838804183,-0.607145645035058,-0.28029362294623367,0.4484696686660492,-0.9426599651392907,0.22723499178945353,-0.04495916741020851,-0.5191077850257816,-0.752693016265009,-0.2189506903531437,0.18652605205544462,1.1014762592948142,0.09049121736708485,0.6462549933931672,0.8354675430003189
ROI_028,0.5082351337496672,0.4587392060535004,0.7011756332464807,-0.35726596275889294,-0.6460279061275025,0.6728311948712933,0.4415081751771988,0.7116137514262081,-0.36975366527840114,-0.536412304293082,1.1479992440840328,0.19292200337025092,0.35729853646260745,-0.5707822528177695,0.9647787174872859,0.5194587558506968,-0.3151799453006989,-0.3247438699317526,0.6921311067423483,0.6348078526186642,0.6827544035833314,-0.3470481960080641,0.6373769169455075,0.3235263072774827,0.7004102150902364,-0.22761122239495932,-0.5413899428297745,7.254328619247669,0.04823360981853558,0.16089505054761333,-0.5119260925460286,0.7058264643282369,0.9475314698957404,0.06083788321283336,-0.4188179884081529,0.06723311701194759,0.47540423058694087,0.6038292688292244,0.6224016285234634,0.7069557018479208,0.5834617123331249,0.7102479355359498,-0.30178659028717203,-0.4862721264376319,1.0113465764973604,-0.24721612306817953,-0.012467999617188521,-0.47904306086578013,0.9844293603819443,0.688254442530145,-0.2773078749955669,-0.5160895218036058,0.8881447510655429,0.5269036078601639,0.42215091000469634,-0.17427843378709215,0.7308507093969142,-0.0255789411471896,0.18184388375924226,0.47475273916560795,0.5232820928250212,0.4084126395879709,-0.1372156656639873,-0.5369239374237994,-0.1623198908117022,-0.46101491551837026,-0.6566814177539166
ROI_029,-0.29394812140729887,-0.09308620950646747,-0.5253090676259857,0.34317056818392916,0.3150063866065093,-0.440167628649672,-0.5246492463256496,-0.33929264826218297,0.9236771644359218,0.7187731186519497,-0.11274398777595207,1.008512567949486,0.5861208432589647,0.6273208614504888,-0.244198169100962,0.01777761492688271,0.6328729937307868,0.8651022135420362,-0.3043898196072321,-0.36457023507575914,-0.2538690499854662,0.5122139616126345,-0.37596254942925994,-0.15630820259025896,-0.05149367709424937,1.080432286762517,0.7949162444863384,0.04823360981853559,7.254328619247669,1.0331624522239222,0.8346914963828902,0.03537679865191003,0.09312355194661714,0.860382931904889,0.8273777354571238,0.018135454856439463,0.02634136109435187,-0.10193199023466437,-0.20009347785577863,-0.3449643709251923,-0.40504297694131225,-0.3838702865154045,0.9868906873619914,0.8569955463177465,-0.34323608605488226,0.9673288342275982,1.0359110198950372,0.8122127512370373,-0.27123546313603586,0.1518306102448828,0.7619515385651519,0.7009231451748842,-0.37756913055828356,-0.09361646221389257,0.32776115247758564,0.5306974659832306,-0.16767994107402928,0.542773844272993,0.135034211095802,-0.044216305744085624,-0.18863389087257523,-0.07950666247064968,0.1358459442303802,0.5629791719391851,0.08507537070219177,0.4435776785370608,0.3303398397298941
ROI_030,0.1379601753487456,0.21217813425393584,-0.15601626041171712,0.14828218223379383,0.029279184985735823,-0.08569833149829058,-0.14369121902092835,-0.025639514571758264,0.40216082453220625,0.2586580593939327,0.10212085616348504,0.6505522285959199,0.7866677460265724,0.28134258787570454,0.021252565050654385,0.08645052078314557,0.4491575384482577,0.616544221789694,-0.027987505603774405,-0.07352231042360674,0.11708343765270994,0.3552004095773345,-0.029965786370836137,0.07296555610887061,0.09721324408022536,0.648948028894999,0.36182351513729977,0.16089505054761333,1.0331624522239222,7.254328619247669,0.3948473919324836,-0.024791219314527674,0.25141123034206053,0.5403355293292058,0.40829159243498725,-0.09798983181234763,0.11421206786025866,0.1690945567524039,0.069195517888079,0.04678478915384546,-0.08535752162960769,-0.042475796479266095,0.43945098806972294,0.40262117657905927,-0.0063904286787674295,0.4117359719647421,0.7321641951934348,0.3923957011498395,-0.06670607927275822,0.10917869343258009,0.32371583852691405,0.31995928840156046,-0.10370414722242613,-0.017553082763369816,0.43147220618126103,0.47122325608638266,0.14198222139553987,0.4157343650327366,0.21876919568286063,-0.05833412606962448,0.16042495106534732,0.06073161820364518,-0.13182098786646368,0.1324524935759079,0.24942027479378484,0.15991931899449932,-0.0136737568058571
ROI_031,-0.7692598865896434,-0.34564474835513936,-1.2650781562567983,0.6846940647465932,1.0996844638381778,-1.0241660749230501,-1.0147175825777934,-0.962966171535223,1.3602890567625456,1.4046093716468935,-0.7762946942734087,0.6373747294044869,0.3561586994648008,1.769765073859513,-0.7999799880624598,-0.21933969667677558,1.1634634925297203,1.296089715994885,-0.8193461939777921,-0.8272966863766436,-0.8561614632649305,0.7095842482212357,-0.9678842153100806,-0.587838651056679,-0.5543689868545453,1.0793858150666276,1.6667191648879196,-0.5119260925460286,0.8346914963828902,0.3948473919324836,7.254328619247669,-0.26330633172232915,-0.5845839475857143,0.7416728917140701,1.5024147418981733,0.052495207860884595,-0.3856049647413094,-0.6514483153774091,-0.7141528023156131,-1.064212650034798,-1.0145921643596219,-1.0232358934555459,1.123207887432437,1.5737911316568374,-1.161853159214137,1.21453233462964,0.907885040802453,2.0079759369651318,-0.8956777135738656,-0.2800498536707137,1.1413294500295013,1.8073560274373366,-0.9678912517861307,-0.4176855433525508,-0.08428606928838003,0.610079042372044,-0.7539147221397419,0.30420435461475354,-0.07023964756549532,-0.2913999584938978,-0.5299036030958262,-0.17664180054619247,0.33083926174700146,1.4008871302039465,0.15970105110828706,0.9441484641818333,1.069586347222744
ROI_032,0.16390423574831478,0.14423215953809226,0.33232821701965953,-0.3507792028315523,-0.403326983384445,0.31702048020180423,0.09365128285305277,0.12477881079405478,-0.15026036861106773,-0.309018061579716,0.42877012597032327,0.02548024563975218,0.030235801085898326,-0.25380804868391105,0.3388316087660436,-0.05083895314698353,-0.34023246377546373,-0.3037750165390173,0.22347497137129474,0.11765778854034316,0.12290406183905224,-0.21655237862672913,0.1320618969875403,0.11775536490960226,0.11730244117877732,-0.1504479337226447,-0.1946917637471856,0.7058264643282368,0.03537679865191003,-0.024791219314527674,-0.26330633172232915,7.254328619247669,0.35476804163754316,0.056202812089405786,-0.25181893551841267,-0.03905774885936433,0.17350126445833614,0.12548279479897742,0.22858530989291984,0.19215854048294567,0.18115540878292352,0.19105393833246612,-0.011061537664836954,-0.22817406483229355,0.41267336101464325,-0.04024840348096917,-0.06176189165884162,-0.23244967113832982,0.5445086347904377,0.3491863418126067,-0.10715360480365872,-0.29628723034960486,0.40960066595185307,0.23567575334396956,0.1213928928869343,-0.24446308776013917,0.18772332084341484,-0.104268808302503,0.06191793978231141,0.18053797531936258,0.09282828512372558,0.2923591343959436,-0.051148684888271824,-0.2486021148710085,-0.21314566072434585,-0.22628361662555013,-0.33660673857524276
ROI_033,0.6597811564759932,0.5809088043691821,0.8085260083203826,-0.43472141203377557,-0.7631495721409606,0.7553033091598362,0.6027349776583182,0.789996229202519,-0.46001813304834793,-0.6067931387048715,1.3912682313766507,0.07147515737494134,0.16206629873540768,-0.671219380493955,1.1484498032918895,0.4037829943198877,-0.4746991545055286,-0.3063544493879087,0.7366669899861408,0.7014929319544002,0.7665337915189542,-0.2566288700264781,0.7506571648868501,0.5020471869186343,0.956018481221374,-0.20539101842403998,-0.6389105427257172,0.9475314698957404,0.09312355194661716,0.2514112303420606,-0.5845839475857143,0.35476804163754316,7.254328619247669,0.1328749772033319,-0.39112966264238763,-0.08459690825451466,0.6256984363590048,0.9773962895558218,0.7695926874446112,0.8651679465005727,0.7901684576924317,0.8186340510134799,-0.3263889392336281,-0.5595124991150894,1.0624930875597625,-0.2437034330865169,-0.0051674991515026185,-0.5204934780187512,0.986989410524577,0.9533760795317494,-0.22034669474656488,-0.5647146945970396,0.994270488089783,0.9046071322555738,0.857604001278903,-0.10671683303111429,0.9953619189380541,0.24335093691517126,0.18750952742277935,0.5315429882308191,0.7488680431034248,0.25168910871777006,-0.03176112319890468,-0.522041499724846,-0.04781429364132318,-0.39436225516383727,-0.7066486120850953
ROI_034,-0.2591186019147449,0.07468883476463496,-0.4342133311150122,0.39900526006954123,0.4571133376712877,-0.313844707852707,-0.42149702105914805,-0.353844991467443,0.6233722615233115,0.5945704640650015,-0.05894568202212889,0.6637031630845973,0.44883425541444943,0.6291615155900752,-0.06069401506867577,0.08076654702962155,0.7082766297291746,0.8030555216721011,-0.2942666873000178,-0.24642217272767328,-0.24614593034673363,0.5586027095898608,-0.3680885462742768,-0.20814553792836119,-0.08906898741822748,0.594564584898043,0.5782522509043058,0.06083788321283336,0.860382931904889,0.5403355293292059,0.7416728917140701,0.05620281208940579,0.1328749772033319,7.254328619247669,0.8192466180727902,-0.0076630866738314546,0.001523870720723749,-0.0329087216258194,-0.2192081469903109,-0.3840032556470052,-0.3791663548329063,-0.3909476056776372,0.5955056639601897,0.6669837159903217,-0.3091198046299487,0.7904665457051848,0.9549209870159417,0.7777099735852746,-0.21567239323423465,0.28532261926311814,0.9540036606276214,0.7360593843165618,-0.21644135454825192,0.11389500633235737,0.46633878017493474,0.506384201812179,-0.1989944211396717,0.37705097168913676,0.035323902055198156,-0.016520368657999666,-0.14463497565779748,-0.026460440437189266,0.315689362035764,0.7008686252441227,0.201606843884231,0.558476279518322,0.387952348674678
ROI_035,-0.6346055468823718,-0.16389261998797147,-0.9249181423867042,0.6937663862572312,0.935787332397927,-0.7929353440729102,-0.8172239981469074,-0.7236770119186652,1.1257416954628372,1.0949484601544026,-0.5845817977106541,0.6261693302177155,0.37629586995415315,1.3854077399872817,-0.5929400783838944,-0.21211005726410034,1.0418968982384778,1.6897303634703875,-0.7492547943813005,-0.5879723850532623,-0.7417258279028023,0.7315187571191356,-0.8599920581796691,-0.3721586912088649,-0.39383632575846095,0.945226989273325,1.2493598183002328,-0.4188179884081529,0.8273777354571235,0.40829159243498725,1.5024147418981726,-0.2518189355184127,-0.39112966264238763,0.8192466180727902,7.254328619247669,-0.0027999156051131593,-0.24240080568761987,-0.4367652455680531,-0.4359273860466533,-0.8958388417235725,-0.7560597460893521,-0.852760626468224,0.9609665389243386,1.3222957491367082,-0.9729760734298687,1.0763541505302645,0.925788376179168,1.6610771171080954,-0.8334819456786351,-0.175946992643294,1.2246825527963316,1.8708638303611431,-0.8823281959859678,-0.2286376877292403,0.0340425824157774,0.7322099396913092,-0.6566367892449207,0.4741846006109233,-0.10787193036387081,-0.2147156922298457,-0.3903991549655364,-0.21201477425674597,0.40223698801440955,1.233833348704686,0.23236259572939114,0.9737387458337159,0.9531756283830775
ROI_036,-0.15316726337863526,-0.048754326635376016,-0.10055012846527107,0.12737154920850668,0.1016172369739337,-0.12544141615386695,-0.0013540653376892249,0.022164209747356035,0.04420129735071876,0.07344328979571116,-0.1377736696103955,0.06495812235477061,0.029590465612810233,0.014672883929998581,-0.1208987200454545,0.014712915520267445,0.00256000036316671,0.018401519249708235,-0.24402603851483295,-0.06729972677229347,-0.0822067560003709,-0.04320523864880862,-0.04404600636278036,-0.061237098010284374,-0.05898974945639463,-0.03923065567074474,0.02405145695353488,0.06723311701194759,0.01813545485643946,-0.09798983181234763,0.05249520786088459,-0.03905774885936433,-0.08459690825451466,-0.007663086673831455,-0.0027999156051131597,7.254328619247669,-0.1772057889210638,-0.18246206728205075,-0.1516444152500289,-0.10978707162599881,-0.10583346048390027,-0.05141396488774638,-0.06832442590592658,0.06739925287870013,-0.08055947959548464,0.11640258303391389,0.028471075641180642,0.025398398864869717,-0.015437378492287917,-0.0021059613442407383,0.06431548525131525,0.06266593709427679,-0.05425236363139412,-0.09445922854194583,-0.09876839390467036,-0.07030340845748012,-0.11080629723640495,-0.007436908889634757,-0.11371922307881523,-0.08276343520173682,-0.10243719022605227,-0.2607650503846597,0.06760811876910398,0.08931831491621904,-0.2644143300222034,-0.02867049167671932,0.1706963136045473
ROI_037,0.5274550732170895,0.50177476546828,0.6087793220818498,0.00702621357299956,-0.5149746657021526,0.62277943905882,0.38471689749888177,0.4524671173327487,-0.4521621820478374,-0.4910508762766192,0.5747308189975168,0.04130684623771434,0.08778350738397257,-0.3601014842625735,0.6603657734874199,0.5047131064431796,-0.2232833434101893,-0.17024657906035912,0.7315548249160047,0.8686396421254379,0.5936885551309663,-0.3587691670376385,0.7137720602668637,0.43933634467263183,0.4049882350525781,-0.25506083746199526,-0.45701230535435516,0.4754042305869409,0.02634136109435187,0.11421206786025866,-0.3856049647413093,0.17350126445833614,0.6256984363590048,0.001523870720723749,-0.24240080568761987,-0.1772057889210638,7.254328619247669,0.7555094150875581,0.555665437849563,0.7551786987248778,0.645033659496639,0.6789271507049889,-0.259520528943055,-0.3967196294377333,0.5280943917291371,-0.34379441789865905,-0.24597313316127725,-0.3008219311440931,0.48810975930588596,0.2769120013450304,-0.3100379402443742,-0.4059468041480407,0.4177545615039928,0.5730942821907946,0.3693185056207982,-0.02586418624144896,0.8342903790038737,0.15802604810133014,0.3003610017664085,0.3665958704806685,0.32275504439119324,0.3679077865067989,-0.07443494108015836,-0.3699442850044522,0.37135768932573354,-0.16107053238977265,-0.5585677470101461
ROI_038,0.8838420966452308,0.7619251223056582,1.0107385066962373,-0.32378399435014693,-0.8255654315546552,0.957796053566492,0.7744479626481496,0.7737783119279023,-0.6319378280008496,-0.7519755369531353,1.0407193185228705,-0.11325171228548003,0.06146656167343521,-0.6492998040031345,0.931711509007254,0.37541124356700895,-0.4398641554306467,-0.346320563202697,0.7912216400358383,0.9662055554480223,1.0161455159988322,-0.2859641184787275,0.9121365034619922,0.9911467764751565,0.7370058713507175,-0.3076082843040766,-0.7454871727233002,0.6038292688292244,-0.10193199023466437,0.1690945567524039,-0.6514483153774089,0.12548279479897742,0.9773962895558218,-0.0329087216258194,-0.4367652455680531,-0.18246206728205075,0.7555094150875579,7.254328619247669,1.317537457985832,1.1613488434623889,1.4483316903754193,0.9991044972946458,-0.4755148322337537,-0.7257733891122542,0.9894200339148067,-0.4841804286244009,-0.32228525178417133,-0.5295029927059439,0.7012075331184038,0.47897876109780146,-0.4253082831696889,-0.6137112229586631,0.77132744482085,0.7125521119373299,0.7640850363519616,-0.01564521255560355,1.1560273477600032,0.329403565939485,0.053767819746490156,0.3134471182009198,0.8777194529460698,0.1628831257547173,-0.10430416616533598,-0.6201066044232841,0.22892197693313693,-0.3474606071781652,-0.7536336356799256
ROI_039,0.8654807274690943,0.7792018417010314,1.0723920260401185,-0.3858784968925617,-0.8292240783340162,0.9067885133560986,0.8573568852987202,0.8830603109725642,-0.642745794749179,-0.803727903919149,0.9240578640779931,-0.10194797291991076,0.04483743915931177,-0.68336878404293,0.7717790077460984,0.2717709192594228,-0.47276058494373974,-0.34774057136445324,0.6656686687359454,0.8352129439937601,0.9113789557489627,-0.21930739905427982,0.8081837401230747,1.1558010808816364,0.6964857324131192,-0.3372219254346123,-0.7221681863873907,0.6224016285234633,-0.20009347785577863,0.069195517888079,-0.7141528023156131,0.22858530989291984,0.7695926874446112,-0.2192081469903109,-0.4359273860466533,-0.1516444152500289,0.555665437849563,1.3175374579858325,7.254328619247669,1.0460645063537526,1.4073379903655825,1.0311371495843091,-0.5153939491055747,-0.7318133939856544,0.9645451724113229,-0.5295635618272847,-0.4100547774044232,-0.5802688431944155,0.6284985507164866,0.3240683595287929,-0.5167842177471763,-0.5959148923886335,0.6111083646198744,0.503052663500835,0.4733579811600134,0.055784052167441624,0.932353451508988,0.300726546056511,0.030800683221427577,0.22485832546920653,0.8644091568594806,0.06278769811617559,-0.1862365233169584,-0.7201917001366274,0.08408457133089288,-0.4605546734368103,-0.7353120615084324
ROI_040,1.1566304913718528,0.5993251556412897,1.4257737416109484,-0.5436969540654818,-1.2440528758684568,1.2844570068395456,1.0128066362601689,1.0564503366974873,-1.033279657408939,-1.1684269694878726,1.0950670695519078,-0.23513971430463312,0.040613458531221364,-1.1257334805229378,1.0912729860771577,0.4363461957627894,-0.6963459142017396,-0.6434452941874135,1.2038917345792846,1.15289279890881,1.2938911206227401,-0.6003054435123119,1.7439044566920092,0.6564875700575019,0.8404063589910665,-0.5400640493621369,-1.1048933090557789,0.706955701847921,-0.3449643709251923,0.04678478915384546,-1.0642126500347975,0.19215854048294567,0.8651679465005727,-0.3840032556470051,-0.8958388417235725,-0.10978707162599881,0.7551786987248778,1.1613488434623889,1.0460645063537526,7.254328619247669,1.464981421917618,1.486305881964629,-0.8228835963359693,-1.1214500475031606,1.553676727558332,-0.835476227178476,-0.5239455354502103,-0.9969719224796458,1.0748064538538593,0.37247860862167614,-0.8347602513546106,-1.1212795676679888,1.0768961756071345,0.589689550647596,0.3988773908011616,-0.3123635183704816,1.6332392875593098,-0.10705704092004271,0.25799086707636837,0.33351534138771655,0.8353057773280188,0.35200380901598055,-0.349404537908306,-1.194600269708839,0.06836939791957496,-0.700935950630706,-1.1751873925276592
ROI_041,1.14384651362823,0.7655749572093546,1.4257559809522156,-0.46533249060190174,-1.0417156354405785,1.3115836969759314,1.169115994556738,1.0426809921622588,-0.9748607911694475,-1.1866956928034604,1.074709376947911,-0.3525190684254439,-0.10051681320250257,-1.0087172421662711,0.9494646931176975,0.2550293503821017,-0.7750102117723522,-0.6449223863665655,0.9213635000645111,1.1062732870596477,1.0716234529224795,-0.5311912398265894,1.1591809891210663,1.0167551822442558,0.834514163412026,-0.513502281280523,-1.118559485682194,0.5834617123331249,-0.40504297694131214,-0.0853575216296077,-1.014592164359622,0.1811554087829235,0.7901684576924315,-0.3791663548329063,-0.756059746089352,-0.10583346048390024,0.6450336594966393,1.4483316903754198,1.4073379903655818,1.4649814219176174,7.254328619247669,1.3766503696937262,-0.7459850292601217,-1.1898612365023578,1.2574446365116578,-0.7786487894332105,-0.5752511391603131,-0.8478392310081913,0.8417067660699513,0.38393618221408493,-0.7171529257712779,-0.9421089706030961,0.9177845399800699,0.7077775133011885,0.5196305149609725,-0.22255758849550536,1.2761190620267593,0.16185412432644997,0.033722559242270495,0.3744527401408877,0.9872487654366308,0.1511908404823862,-0.1444303842294209,-0.900564390506476,0.07956597680539503,-0.4912951828131701,-0.8761095008990556
ROI_042,0.9827304139314236,0.5527756499529123,1.3559108877009156,-0.4857593577154494,-1.0375067608984716,1.0504204598703004,0.9710744529894034,1.3421199973061886,-0.8981573123540026,-1.018225165377464,1.120499533007217,-0.16654939085239057,0.014784180082030403,-1.0141473955395268,1.0321493736900436,0.43756909166781705,-0.7015135025562832,-0.6657153374884862,1.162811111662012,0.9865841435437307,1.1207847342641655,-0.6301106951532465,1.3135374103017974,0.6799282037979792,0.9624335290717437,-0.495075963848621,-1.064220237640364,0.71024793553595,-0.3838702865154045,-0.0424757964792661,-1.023235893455546,0.19105393833246612,0.8186340510134801,-0.3909476056776373,-0.852760626468224,-0.05141396488774638,0.6789271507049889,0.9991044972946461,1.031137149584309,1.486305881964629,1.3766503696937262,7.254328619247669,-0.6844066225180281,-1.0876870226550888,1.4970276974377859,-0.7241905225901001,-0.5165048195168924,-0.9416748118880888,0.9859662444839269,0.3927360918608034,-0.7935027538611769,-1.0363547018461285,1.0608768500997385,0.5670630893965993,0.36278056881854537,-0.31263113122990144,1.276615247481784,-0.015800060339357328,0.1833701148333224,0.45850196933113263,0.7710173204134121,0.28449124017258093,-0.21785919338893464,-0.9950633494633012,-0.04602109460049737,-0.7286286475038622,-1.048558693997662
ROI_043,-0.7368637709691148,-0.45314653195488064,-0.8237711385682481,0.500858362437019,0.6032725345086294,-0.8571125217494171,-0.965544917493461,-0.6662249966690486,1.620044958544796,1.1601233597934113,-0.4775705354813214,0.7297041315669706,0.1680553797746269,1.0879606769852856,-0.636522598639845,-0.2718187012479844,0.60862250555659,0.7583691052714272,-0.571961094982849,-0.9203646688555821,-0.8081055557321245,0.5007326647149696,-0.868702171221357,-0.32146781264610697,-0.33077092014303505,1.2374199027902424,1.2410739241763977,-0.30178659028717203,0.9868906873619916,0.43945098806972294,1.1232078874324372,-0.011061537664836954,-0.32638893923362805,0.5955056639601897,0.9609665389243384,-0.06832442590592658,-0.25952052894305505,-0.4755148322337537,-0.5153939491055746,-0.8228835963359695,-0.7459850292601217,-0.6844066225180281,7.254328619247669,1.132567864473825,-0.7306538434783019,1.5247255391808903,0.7271124083919916,1.1418802702655046,-0.5858505818643643,-0.016061744324933295,0.9696446068809705,0.9280208586602313,-0.6570014180774846,-0.3087633739268659,-0.029375874074991426,0.4247932951390897,-0.6050143613586798,0.4186923541490407,-0.10482938987476223,-0.22205174518610338,-0.5866350590199703,-0.2226178447813745,0.3850341912798109,0.962490223068564,-0.0035917971136403444,0.5355535149854875,0.5319798270095877
ROI_044,-1.0225329868650301,-0.4940032449244353,-1.3329060144521891,0.613439354271742,0.9536729143814161,-1.1890463510335916,-1.1070608240385433,-0.9526840726180354,1.567942240763755,1.7678429202399848,-0.8244045972029428,0.6343179784370223,0.28901150458543234,1.5057481939746447,-0.8301456451810256,-0.2200604325551942,1.1085220809677359,1.0947206331147379,-0.904897922158458,-0.8933007133446358,-0.9190769253896419,0.6431737202655043,-1.0964867280628077,-0.5668120262389472,-0.6162401312335212,1.0409171607840533,2.0626659264897618,-0.4862721264376318,0.8569955463177463,0.40262117657905927,1.5737911316568367,-0.2281740648322936,-0.5595124991150894,0.6669837159903215,1.3222957491367082,0.06739925287870013,-0.3967196294377334,-0.7257733891122542,-0.7318133939856544,-1.1214500475031608,-1.189861236502358,-1.0876870226550888,1.1325678644738253,7.254328619247669,-1.2004282477898518,1.186073724277135,0.8300018709963388,1.463590600126964,-0.9593600216146799,-0.31678342657838815,1.057771654983376,1.4424878439913376,-1.031056447265595,-0.5594151038179527,-0.23402756941698794,0.4962884701440404,-0.9328629165356892,0.24343528639008874,-0.015383448268205941,-0.45473149252304185,-0.7486692302235857,-0.22139170735162345,0.19256643754806732,1.142844026539768,0.12379687673520431,0.6849286008200892,0.8719024036173642
ROI_045,1.038724340355392,0.5705713127334128,1.4585694715583104,-0.6618030333434033,-1.163775006241722,1.2022929181386244,0.988633827223185,1.2322112202101707,-0.9288841141252071,-1.1428031403758672,1.5321320911245235,-0.16863146245353777,0.06596453392483011,-1.238782540843898,1.3413311733206548,0.4225416115185069,-0.7983232701068504,-0.7710182245135212,1.14938519781471,0.9428317044855964,1.1765201688604563,-0.5901315420610197,1.3145415527932767,0.5735602071798612,1.0107482375651533,-0.5415054067541415,-1.1830143885000102,1.0113465764973604,-0.3432360860548822,-0.0063904286787674295,-1.161853159214137,0.41267336101464325,1.0624930875597627,-0.3091198046299487,-0.9729760734298687,-0.08055947959548464,0.5280943917291371,0.9894200339148067,0.9645451724113231,1.553676727558332,1.2574446365116583,1.4970276974377865,-0.7306538434783019,-1.2004282477898518,7.254328619247669,-0.6932167001354708,-0.40567849964656494,-1.0923084109144587,1.4166405622905598,0.5876537253225591,-0.7294789896675262,-1.195096407965321,1.5296727836827062,0.6686584397866067,0.4678537335040773,-0.37704961071592474,1.3199395576438757,-0.12043353010112036,0.16398986888374223,0.4858360649504278,0.891313212651582,0.36398168126344466,-0.2297872668685869,-1.0984923450213693,-0.1202302290311792,-0.7883541476723424,-1.1522705283105517
ROI_046,-0.7504517788885343,-0.3738016438033282,-0.8581067398055201,0.5535342940665268,0.7139343507805319,-0.8361941641899645,-0.8697737632380776,-0.6119703268467389,1.5762536979149,1.2779369069635622,-0.43754130926433144,0.7781687604617673,0.2252319306887856,1.127558846040092,-0.5335859397404565,-0.267010102787894,0.6452749207363606,0.8850625126817162,-0.650490745590098,-0.9259651747260269,-0.8303335781195038,0.6037389311104944,-0.8259319136555351,-0.3851726101554358,-0.24330599180257423,1.1513359628082953,1.2435850234050378,-0.24721612306817953,0.9673288342275979,0.41173597196474204,1.21453233462964,-0.04024840348096917,-0.2437034330865169,0.7904665457051849,1.0763541505302643,0.11640258303391389,-0.34379441789865905,-0.4841804286244009,-0.5295635618272846,-0.8354762271784758,-0.7786487894332105,-0.7241905225901001,1.5247255391808903,1.186073724277135,-0.6932167001354708,7.254328619247669,0.9243948298200064,1.2430228947865438,-0.5214529918890959,0.11845197864329945,1.4124975251592355,1.0745546036615043,-0.5650129754415536,-0.20317983188976618,0.06180546558238794,0.42470063874680186,-0.6284006558186788,0.3880771190083668,-0.08402832645210792,-0.25146602281824015,-0.5186848284440716,-0.2182314463776383,0.525504754400074,1.1457403724377897,-0.012322370404009768,0.5644723919657634,0.645898724202045
ROI_047,-0.2959231098109483,-0.002070169897148012,-0.6068577458918668,0.3763569738991303,0.6170006083906858,-0.41243874214987725,-0.46978619262540694,-0.3576607525538375,0.8146766329079075,0.6920099540848201,-0.16477880646082083,0.6790958260288184,0.6213007268347336,0.6576595848183989,-0.2102659500245416,-0.11693007113967582,0.6806870855088816,0.9834698412196758,-0.37256622387951477,-0.3841230662692963,-0.3770398828931971,0.6230930735386536,-0.47566787095103547,-0.4526751881124492,-0.04013868391625893,0.8709879564060755,0.7267456419003407,-0.01246799961718852,1.0359110198950372,0.7321641951934348,0.907885040802453,-0.06176189165884162,-0.0051674991515026185,0.954920987015942,0.9257883761791682,0.028471075641180642,-0.24597313316127734,-0.32228525178417133,-0.4100547774044232,-0.5239455354502103,-0.5752511391603131,-0.5165048195168925,0.7271124083919916,0.8300018709963388,-0.4056784996465648,0.9243948298200064,7.254328619247669,0.8628794013743561,-0.32043642001087397,0.22317093952877692,1.0554428308785986,0.919555015247325,-0.3150479845319074,0.026044859980900545,0.38242642308521585,0.513974351679611,-0.287205467150216,0.33231634622449147,0.03445232938979746,0.10061875899868161,-0.07407484637450623,0.018650699618357483,0.3595139169470441,0.7839975206809817,0.037306816323036535,0.7028019652513896,0.613362569972091
ROI_048,-0.7150147322218299,-0.23721784467905838,-1.0824232768270674,0.7711008111652494,1.013434116967804,-0.8694829898871258,-0.9209789901764902,-0.897941231163336,1.3130427299669276,1.2739496570851825,-0.6843161677529316,0.5959467405114804,0.3244552855613195,1.8623142413564802,-0.7126165297877757,-0.2658684312646128,1.101333619412869,1.333428386025354,-0.7960779499632966,-0.7510651813518262,-0.8593318021060595,0.7221422460500749,-0.9620100238474085,-0.41441010715631643,-0.5161913845790278,1.0531270512071433,1.5410235154448042,-0.47904306086578025,0.8122127512370373,0.3923957011498395,2.0079759369651318,-0.23244967113832982,-0.5204934780187512,0.7777099735852746,1.6610771171080954,0.025398398864869717,-0.3008219311440931,-0.5295029927059439,-0.5802688431944155,-0.9969719224796456,-0.8478392310081913,-0.9416748118880888,1.1418802702655046,1.463590600126964,-1.092308410914459,1.2430228947865434,0.8628794013743561,7.254328619247669,-0.9029096409379609,-0.2226269169026984,1.2959337498843915,1.9009071487268958,-0.9361116297902757,-0.3267156786649021,-0.01923981494612881,0.6572460249504067,-0.7267415083954546,0.4140127103632697,-0.08195262482405852,-0.33009341370953044,-0.491383361937993,-0.2102135607356459,0.3873358283198914,1.4644992130729262,0.24052005785866548,0.9654741381560773,0.966401409257442
ROI_049,0.8018744716122088,0.4331455396288598,1.0975776461566613,-0.5372983525065946,-0.9565773276842054,1.033466038627853,0.7779046850397756,0.8698742494747731,-0.7342051451700526,-0.9056138145698586,1.1928263592411785,-0.1581494449968432,-0.025428047776464128,-0.9829465725898707,1.1640932081163577,0.35394701256133687,-0.8221354795867477,-0.6929637609861153,1.076477909268298,0.7576069613891356,0.7235026639418847,-0.6234777752511949,0.9624023630541365,0.33884805025300707,0.8201641957604435,-0.5137038215845147,-0.9702049194525353,0.9844293603819443,-0.27123546313603586,-0.06670607927275822,-0.8956777135738654,0.5445086347904377,0.9869894105245768,-0.21567239323423465,-0.8334819456786352,-0.015437378492287913,0.48810975930588607,0.7012075331184038,0.6284985507164864,1.0748064538538593,0.8417067660699513,0.9859662444839269,-0.5858505818643642,-0.9593600216146799,1.4166405622905598,-0.5214529918890958,-0.32043642001087397,-0.9029096409379609,7.254328619247669,0.7556607784331925,-0.5253228218614933,-0.9615670672390022,1.5988540689932296,0.7728649942010936,0.40933248849483267,-0.5320257771632865,0.9715115891105813,-0.25408227003794354,0.1813235957366529,0.45896320951472624,0.6108246693813014,0.4381331628907471,-0.11872843152118497,-0.8231317746581189,-0.1632927926800919,-0.6222416303754766,-0.9041511222745077
ROI_050,0.3226313884101894,0.3192828338915425,0.45394799903780564,-0.11983465994477074,-0.34273274318424446,0.5103717373552339,0.34729156856320187,0.5073170409382105,-0.12650750393843035,-0.2614549650434341,0.7786511647289364,0.07223875173254833,-0.05685618433281905,-0.34694428206580225,0.6866985990775768,0.10309055467342719,-0.4407781734562397,-0.18301714108832412,0.4586713791571489,0.24982797956158448,0.22354965349467512,-0.09424955266616064,0.322458783534006,0.2634552805632245,0.7821595438593635,-0.0765582791957929,-0.36528922021533794,0.688254442530145,0.1518306102448828,0.1091786934325801,-0.2800498536707138,0.3491863418126067,0.9533760795317496,0.28532261926311814,-0.175946992643294,-0.002105961344240738,0.2769120013450304,0.4789787610978015,0.32406835952879287,0.37247860862167614,0.38393618221408493,0.3927360918608034,-0.016061744324933295,-0.31678342657838815,0.5876537253225591,0.11845197864329945,0.22317093952877692,-0.22262691690269837,0.7556607784331927,7.254328619247669,0.17824934960395078,-0.23895242326132857,0.7669045826739006,0.9320610560100528,0.7953524979466701,-0.14932471662831048,0.45976790347932334,0.1230772823992322,-0.0031118334095805982,0.4506814554225153,0.3705515736961208,0.14751597410027245,0.43218213303913927,-0.11264518850376683,-0.22296626890781354,-0.14824136488898843,-0.3498260779855716
ROI_051,-0.6267341181072147,-0.16378557891200082,-0.7575887679098153,0.6908577822893142,0.831767378125637,-0.5801148449249172,-0.625959409005143,-0.6433786611296021,1.1092292925154157,1.0373471797060803,-0.4326875049765859,0.47983888583114676,0.16282266818185484,1.0740719328069364,-0.4400268686284864,-0.3562565892809224,0.6866319284413367,0.9824826157461242,-0.6675481440692141,-0.691745412947802,-0.8809326184623526,0.6747459533469191,-0.8432128166358089,-0.3660123179954822,-0.27801274916861946,0.8327850716883423,1.0173402028088854,-0.27730787499556686,0.7619515385651521,0.32371583852691405,1.1413294500295013,-0.10715360480365872,-0.22034669474656493,0.9540036606276214,1.2246825527963316,0.06431548525131525,-0.3100379402443742,-0.4253082831696889,-0.5167842177471763,-0.8347602513546105,-0.7171529257712779,-0.7935027538611772,0.9696446068809703,1.057771654983376,-0.7294789896675262,1.4124975251592355,1.0554428308785986,1.2959337498843915,-0.5253228218614933,0.17824934960395078,7.254328619247669,1.2740664197890315,-0.5309899432059402,-0.025834875683335305,0.1814096008719771,0.4481579559384499,-0.636591525790103,0.35254088313657017,-0.10724770054662976,-0.25486600808024895,-0.41531606332774984,-0.22533246683061078,0.6246223092025155,1.336185978134607,0.11122900670205803,0.8064303787450056,0.7609529108937187
ROI_052,-0.7339240091793465,-0.23077996991047706,-1.1539253956927955,0.7399232810173529,1.1692676697903088,-0.8936462811935294,-0.8361023159678709,-0.8689734255981924,1.1515345986430714,1.2151728770089358,-0.7791853597114391,0.5191749454867867,0.3011328079515809,1.5539824222450687,-0.7525453956313802,-0.28065351301679764,1.13281063080992,1.469109437852262,-0.8993830337089608,-0.7497260222040335,-0.8826990247191988,0.8455974434240725,-1.0348360841507895,-0.4741404312616708,-0.5270788049250485,0.8538284316555926,1.3591873266453995,-0.5160895218036058,0.7009231451748842,0.31995928840156046,1.8073560274373366,-0.29628723034960486,-0.5647146945970396,0.7360593843165616,1.8708638303611418,0.06266593709427677,-0.4059468041480407,-0.6137112229586631,-0.5959148923886335,-1.1212795676679885,-0.9421089706030961,-1.0363547018461283,0.9280208586602313,1.4424878439913382,-1.195096407965321,1.0745546036615043,0.919555015247325,1.9009071487268958,-0.9615670672390022,-0.23895242326132857,1.274066419789032,7.254328619247669,-1.0117974561480876,-0.3619278128373131,-0.05737049836555471,0.7183771511368586,-0.819439898251617,0.34168410795667964,-0.11913859657192459,-0.2930256380377788,-0.47606078018679626,-0.24405595733808336,0.39312115159799293,1.4553840509150757,0.1813760122063785,1.0029712111253795,1.2030316842066748
ROI_053,0.7846803443793263,0.45929221815653,1.1403526516255214,-0.5802775218280417,-0.9108596820238588,1.0451793210421019,0.8061110496203322,0.9183345611829238,-0.791880854996992,-0.9514963917630764,1.3001996606172173,-0.24778391628239546,-0.011003695640443342,-0.9933945345915887,1.3270322801911218,0.3691088125949613,-0.8152937341256273,-0.7604603012803447,1.1263976981142958,0.8086200623710431,0.7922613265043619,-0.6692675650337443,0.9653981838419162,0.3321210875159418,0.8978869233202617,-0.5275080436137455,-1.0431901838804178,0.8881447510655431,-0.37756913055828356,-0.10370414722242613,-0.9678912517861307,0.40960066595185307,0.9942704880897834,-0.21644135454825192,-0.8823281959859676,-0.05425236363139412,0.4177545615039928,0.77132744482085,0.6111083646198744,1.0768961756071345,0.9177845399800699,1.0608768500997385,-0.6570014180774846,-1.031056447265595,1.5296727836827055,-0.5650129754415536,-0.31504798453190735,-0.9361116297902757,1.5988540689932296,0.7669045826739006,-0.5309899432059402,-1.0117974561480876,7.254328619247669,0.8352975066191323,0.4934585029719566,-0.5536024888786822,0.9733603023850725,-0.22477576583371597,0.0966422497520081,0.5476971240739568,0.7532537336690096,0.4624668888655961,-0.06372678046896359,-0.7931077524586815,-0.1128727457171832,-0.5817234897962883,-0.8669039933016005
ROI_054,0.6468745026728462,0.736732114632902,0.7076596496712726,-0.1079424198785727,-0.3734486811284733,0.8501756303623796,0.5595855119232941,0.5804234154232202,-0.4542414276846633,-0.5813268506560438,0.8297693790912333,-0.2047293587422547,-0.07932963117398299,-0.45078120616966205,0.9240978069227881,0.1251080638897994,-0.5489897218931886,-0.23501894950030947,0.5934548047902627,0.7433160871838134,0.380034398659089,-0.3140390328088405,0.5245870362603842,0.335717028285817,0.7569998328420751,-0.2568230214578212,-0.607145645035058,0.5269036078601639,-0.09361646221389257,-0.017553082763369813,-0.41768554335255076,0.23567575334396962,0.9046071322555738,0.11389500633235737,-0.2286376877292403,-0.09445922854194581,0.5730942821907946,0.7125521119373299,0.503052663500835,0.589689550647596,0.7077775133011885,0.5670630893965993,-0.3087633739268659,-0.5594151038179527,0.6686584397866067,-0.20317983188976618,0.026044859980900545,-0.32671567866490203,0.7728649942010933,0.9320610560100531,-0.025834875683335305,-0.36192781283731307,0.8352975066191323,7.254328619247669,0.9546796736228784,-0.14928890640441594,0.7389528106295862,0.23855447567625526,-0.04026013459202524,0.6594166004497968,0.7462761172079196,0.2654540906396115,0.46975553267729125,-0.18258295942125718,0.13395512372257443,0.06941396230214596,-0.34672746074115246
ROI_055,0.5682674710359553,0.7990414607150372,0.3786317100149672,-0.07958434051339819,-0.19906910837402877,0.5060102004805225,0.3768749606932231,0.368244756360397,-0.15619220859764454,-0.2886944815491479,0.667375432087296,0.09686540016961326,0.2477706820595857,-0.2056288017702991,0.5809468907888533,0.09266922611311466,-0.1624442478318381,0.08630874839189837,0.3428917456075195,0.4436312588632847,0.44201344645098717,0.10980059712145152,0.35331320041918224,0.3913438552053519,0.6616638945874077,0.09319471055775072,-0.28029362294623367,0.4221509100046964,0.3277611524775856,0.43147220618126103,-0.08428606928838003,0.1213928928869343,0.857604001278903,0.46633878017493474,0.0340425824157774,-0.09876839390467036,0.3693185056207982,0.7640850363519617,0.4733579811600134,0.39887739080116164,0.5196305149609725,0.36278056881854537,-0.029375874074991423,-0.23402756941698794,0.4678537335040774,0.06180546558238794,0.38242642308521585,-0.019239814946128808,0.4093324884948328,0.7953524979466701,0.1814096008719771,-0.05737049836555471,0.4934585029719566,0.9546796736228784,7.254328619247669,0.24222250944488788,0.6466312398337567,0.5877647536785863,-0.01940338763320915,0.5609272667465347,0.8548602061927285,0.10325226750218038,0.3507468585629215,0.019458524720217883,0.14377206720601393,0.23037106720547706,-0.13028718612191328
ROI_056,-0.12184592621201731,0.22357165443379165,-0.3629046228786054,0.38392236045423345,0.4323034462972749,-0.3535660303305327,-0.2903220662015656,-0.33736612324216947,0.41610727270125986,0.39492540996236575,-0.22858231036555993,0.48143062710470785,0.39515008965157933,0.551986732392347,-0.23529973013834124,0.059796690216106264,0.6910168393622131,0.7753413732725236,-0.405138863411189,-0.200035200448865,-0.13784651494498248,0.9860730251893816,-0.34979542602714747,0.06932376850397168,-0.19159296131646167,0.4290354853946029,0.4484696686660492,-0.17427843378709215,0.5306974659832306,0.47122325608638266,0.610079042372044,-0.24446308776013917,-0.10671683303111429,0.506384201812179,0.7322099396913092,-0.0703034084574801,-0.02586418624144896,-0.01564521255560355,0.05578405216744162,-0.31236351837048165,-0.22255758849550536,-0.3126311312299015,0.4247932951390897,0.49628847014404043,-0.3770496107159248,0.424700638746802,0.513974351679611,0.6572460249504065,-0.5320257771632865,-0.14932471662831054,0.44815795593844987,0.7183771511368586,-0.5536024888786822,-0.149288906404416,0.24222250944488785,7.254328619247669,-0.14121915932283113,0.6328534683778961,-0.015292650365381967,-0.06548385054566772,0.032718105483541954,-0.2282491485284208,0.12805236598822,0.49156499466011994,0.3047374589748732,0.4901381624680307,0.41870496640441607
ROI_057,1.1573036116408117,0.6944259151115384,1.1258105000713672,-0.47666516806284503,-0.9237753656338554,1.1065559979718218,0.8427272259371377,0.9537187853019393,-0.8471293917018982,-1.0330548976707066,1.1784984754613073,-0.09844475284235378,0.16512651079829163,-0.904398622369459,1.096736695758841,0.49608872710626906,-0.5495100545509147,-0.4564928410023452,1.1477306626702761,1.1634821363959174,1.311063989727683,-0.4483852668652587,1.534951223541794,0.5488780602065416,0.9195984965847909,-0.3632245795753708,-0.9426599651392907,0.7308507093969142,-0.16767994107402928,0.14198222139553987,-0.7539147221397419,0.18772332084341484,0.9953619189380541,-0.1989944211396717,-0.6566367892449207,-0.11080629723640495,0.8342903790038737,1.1560273477600032,0.9323534515089882,1.6332392875593091,1.2761190620267593,1.276615247481784,-0.6050143613586798,-0.9328629165356891,1.3199395576438757,-0.6284006558186788,-0.287205467150216,-0.7267415083954546,0.9715115891105816,0.45976790347932334,-0.6365915257901029,-0.8194398982516172,0.9733603023850723,0.7389528106295863,0.6466312398337569,-0.1412191593228311,7.254328619247669,0.08016048231557252,0.2600274593912284,0.6118726439303108,1.0182569298325663,0.42868855647898413,-0.18639564240127512,-0.8226742162708363,0.08474350760097255,-0.4266023998713848,-0.8426941543509174
ROI_058,0.018075271819862765,0.3229241980351194,-0.06402108755101445,0.22400305330128542,0.10321622543036256,-0.11179047781037338,-0.05853129034309683,-0.017618027779910297,0.3083586072179305,0.17763668171001165,0.09796198057087274,0.27669507782901237,0.14879281366247737,0.2723626970781731,-0.039818763265046304,-0.12448320321570781,0.17110142170421141,0.40300049021494083,-0.2205155242049665,-0.002570357622271704,0.0007391502915673711,0.33235455305548267,-0.17159299125417196,0.4573114550926042,0.13413349662877663,0.5180916116714557,0.22723499178945353,-0.025578941147189598,0.5427738442729929,0.41573436503273653,0.3042043546147535,-0.10426880830250303,0.24335093691517126,0.3770509716891367,0.4741846006109233,-0.007436908889634758,0.15802604810133014,0.329403565939485,0.300726546056511,-0.10705704092004271,0.16185412432644997,-0.015800060339357328,0.4186923541490407,0.24343528639008874,-0.12043353010112039,0.38807711900836683,0.33231634622449147,0.4140127103632697,-0.2540822700379435,0.12307728239923224,0.35254088313657017,0.34168410795667964,-0.22477576583371597,0.23855447567625526,0.5877647536785863,0.6328534683778961,0.08016048231557252,7.254328619247669,-0.1422088204847961,0.15345273640427876,0.24666761608338558,-0.36309257700007924,0.3235446575687016,0.3447860028779496,0.24078859471637093,0.4090996363688331,0.19326571540766113
ROI_059,0.19491170206111003,-0.009807245392987395,0.10832400929774813,-0.17335198753331388,-0.2638649928693371,0.07716523657045447,0.13369197689824203,0.050908873926725724,-0.08212024170483373,-0.07703634758123906,0.1864865335474857,0.1456573204904376,0.20270952097087186,-0.12281209648725097,0.16820393870802572,0.24248442801942374,0.08620431367642155,-0.015469234693675515,0.2789806813447086,0.12982133815414865,0.19498858352930273,-0.030556593919088246,0.26139652344645775,-0.13516380288288757,0.1045414855857363,0.024417868869721894,-0.044959167410208514,0.18184388375924226,0.13503421109580196,0.21876919568286063,-0.07023964756549532,0.06191793978231142,0.18750952742277935,0.035323902055198156,-0.10787193036387081,-0.11371922307881523,0.3003610017664085,0.05376781974649016,0.030800683221427577,0.25799086707636837,0.033722559242270495,0.1833701148333224,-0.10482938987476222,-0.015383448268205941,0.16398986888374223,-0.08402832645210792,0.034452329389797455,-0.08195262482405852,0.1813235957366529,-0.0031118334095805982,-0.10724770054662976,-0.11913859657192459,0.0966422497520081,-0.04026013459202524,-0.019403387633209153,-0.015292650365381967,0.26002745939122834,-0.1422088204847961,7.254328619247669,0.015723365405254142,-0.023438784969100228,0.27855395591448456,-0.3637296353933121,-0.22835129710274416,0.16203089405110097,-0.26366415271570354,-0.20688121119913352
ROI_060,0.4199944139991523,0.3111599700067985,0.37063597263747367,-0.28963018076985236,-0.22403944875497386,0.3766643024037484,0.2599785489934792,0.514276569000254,-0.3860572945650579,-0.4913495063749493,0.6108033515037842,0.025466588280467863,0.20105642731731777,-0.4114639367729103,0.5691741647016433,0.40153831173023075,-0.33457432380235974,-0.19154301396673706,0.5563844546855289,0.5960913095288283,0.5127254717124469,-0.221918831705345,0.45551687413623,-0.010914522936023862,0.6063376310442313,-0.20785008357165968,-0.5191077850257817,0.4747527391656079,-0.044216305744085624,-0.05833412606962448,-0.2913999584938978,0.18053797531936258,0.5315429882308191,-0.016520368657999666,-0.2147156922298457,-0.08276343520173683,0.3665958704806685,0.31344711820091975,0.22485832546920653,0.33351534138771655,0.3744527401408877,0.45850196933113263,-0.22205174518610338,-0.45473149252304185,0.48583606495042786,-0.25146602281824015,0.10061875899868163,-0.3300934137095305,0.45896320951472624,0.4506814554225153,-0.2548660080802489,-0.2930256380377788,0.5476971240739568,0.6594166004497968,0.5609272667465347,-0.06548385054566772,0.6118726439303108,0.15345273640427876,0.015723365405254142,7.254328619247669,0.6578134239751304,0.41111283906159235,0.23400427537119653,-0.1977005823131516,-0.08839415128061236,0.056249551484112446,-0.09941337883701808
ROI_061,1.064893277085127,1.0143577540853164,0.7833973039626644,-0.43119180639653193,-0.5014919387277544,0.8556519891564408,0.7969490965205637,0.7907145906067787,-0.6999140984154252,-0.8699098508388113,0.8808099343536693,-0.17351487807762972,0.2749120787413627,-0.6357074504147432,0.8412946786852549,0.2769075679552519,-0.39819981195161874,-0.26286330890150783,0.6273176125876688,0.899975283162013,0.9008262791168874,-0.22675580297137296,0.756852327467693,0.46858376002950897,0.7983674667771118,-0.2995926320286517,-0.7526930162650087,0.5232820928250211,-0.18863389087257523,0.16042495106534732,-0.5299036030958262,0.09282828512372558,0.7488680431034247,-0.14463497565779745,-0.39039915496553645,-0.10243719022605229,0.32275504439119324,0.87771945294607,0.8644091568594806,0.8353057773280188,0.9872487654366308,0.7710173204134121,-0.5866350590199703,-0.7486692302235857,0.891313212651582,-0.5186848284440716,-0.07407484637450623,-0.4913833619379929,0.6108246693813014,0.37055157369612074,-0.41531606332774984,-0.47606078018679626,0.7532537336690096,0.7462761172079198,0.8548602061927287,0.032718105483541954,1.0182569298325663,0.24666761608338558,-0.023438784969100228,0.6578134239751304,7.254328619247669,0.2757672575957912,0.009458728652637442,-0.4866317269535643,0.12007701536298089,-0.10284912179675752,-0.34922414080060676
ROI_062,0.2272804521223131,0.13415009247046786,0.24311588941881945,-0.22295963022175683,-0.22053697565252123,0.2879040169837734,0.04782040624694317,0.19001605022064558,-0.25628558030120313,-0.2895832213930713,0.34923875378196795,0.054915627520595985,0.35486989799480545,-0.17539629349079264,0.4893813342134536,0.4409994455993153,-0.05898471671035523,-0.10971988011808001,0.5873966780153744,0.406415323922246,0.28540124846165316,-0.3478600307462931,0.36840254000571654,-0.3036079496009445,0.2364199549188745,-0.1757750719248861,-0.21895069035314368,0.4084126395879709,-0.07950666247064966,0.060731618203645164,-0.1766418005461925,0.2923591343959436,0.25168910871777006,-0.026460440437189266,-0.21201477425674597,-0.2607650503846597,0.36790778650679884,0.1628831257547173,0.06278769811617559,0.35200380901598055,0.1511908404823862,0.28449124017258093,-0.2226178447813745,-0.22139170735162345,0.36398168126344466,-0.2182314463776383,0.018650699618357483,-0.2102135607356459,0.4381331628907471,0.1475159741002724,-0.22533246683061078,-0.24405595733808336,0.4624668888655961,0.2654540906396115,0.10325226750218035,-0.2282491485284208,0.42868855647898413,-0.36309257700007924,0.27855395591448456,0.41111283906159235,0.2757672575957912,7.254328619247669,-0.06677512846328507,-0.23501382791068143,0.19794240868888213,-0.06557411510914146,-0.16957535339060545
ROI_063,-0.1823305597640105,0.10540543470693241,-0.19765049646785296,0.5426495541829068,0.5303966321771404,-0.12156216380103627,-0.2173806166449525,-0.08312473948829874,0.2973124986108043,0.2636341602751388,-0.13230957960201664,0.06575454530502445,-0.1976788781808421,0.34530713350195286,-0.07580814420705764,-0.2352237440032179,0.015101519345594042,0.250850183078503,-0.2172044852864259,-0.19944908922978546,-0.4315633949059568,0.19882623921361725,-0.3279666267279446,-0.11199369167045685,0.0974825470861232,0.18173717502874376,0.18652605205544462,-0.1372156656639873,0.1358459442303802,-0.13182098786646368,0.33083926174700146,-0.05114868488827182,-0.03176112319890468,0.31568936203576403,0.40223698801440955,0.06760811876910398,-0.07443494108015837,-0.10430416616533598,-0.18623652331695842,-0.349404537908306,-0.14443038422942087,-0.2178591933889346,0.3850341912798109,0.19256643754806732,-0.2297872668685869,0.525504754400074,0.359513916947044,0.3873358283198914,-0.118728431521185,0.4321821330391393,0.6246223092025155,0.39312115159799293,-0.06372678046896359,0.46975553267729125,0.3507468585629215,0.12805236598822,-0.18639564240127512,0.3235446575687017,-0.36372963539331216,0.23400427537119659,0.009458728652637442,-0.06677512846328507,7.254328619247669,0.7172489450359093,0.02970153987966305,0.6597157109206375,0.45159449486601316
ROI_064,-0.7964267613850378,-0.23545751694801262,-1.0438623108757037,0.8451534070258468,1.405453153433292,-0.8471703298260852,-0.8287082320018481,-0.8626604829655969,1.0734860465943312,1.149689304235216,-0.7582787901557501,0.39361729632688797,0.09033509305964532,1.388195308469932,-0.6774723616116788,-0.297075362235289,0.7957547792626837,0.9035324452040221,-0.8723712218408423,-0.7375853200639121,-1.0182844768045953,0.6228240274712422,-1.1054464559576773,-0.5092344595824206,-0.5043786344176664,0.7240719253154023,1.1014762592948146,-0.5369239374237994,0.5629791719391851,0.13245249357590794,1.4008871302039465,-0.2486021148710085,-0.522041499724846,0.7008686252441227,1.233833348704686,0.08931831491621904,-0.36994428500445214,-0.6201066044232841,-0.7201917001366274,-1.194600269708839,-0.9005643905064757,-0.9950633494633009,0.9624902230685644,1.142844026539768,-1.0984923450213693,1.14574037243779,0.7839975206809817,1.4644992130729269,-0.8231317746581189,-0.11264518850376681,1.336185978134607,1.4553840509150757,-0.7931077524586816,-0.18258295942125718,0.019458524720217887,0.4915649946601199,-0.8226742162708363,0.3447860028779496,-0.2283512971027442,-0.19770058231315157,-0.4866317269535643,-0.23501382791068143,0.7172489450359093,7.254328619247669,0.13008335394959014,1.1701674299542826,1.2105467868331914
ROI_065,0.1080494621559149,0.2643255114645609,0.0012231652244429592,0.2935110710359105,0.05834624834568185,0.05505363895458505,-0.06004644244959864,-0.1375628377602267,-0.024231877804717097,0.03713983841955013,-0.08436429728763123,0.02408525862969784,0.19705483987556302,0.2691094224338999,0.10661314361421168,0.1916796781086208,0.34289980160195815,0.3179602125246634,0.04844056379986479,0.2692545642092007,0.029219988551306513,0.08500658533305279,-0.00597152660103765,0.09130001262781798,-0.22313050609913448,0.03765081510810085,0.09049121736708485,-0.1623198908117022,0.08507537070219179,0.24942027479378484,0.15970105110828706,-0.21314566072434585,-0.04781429364132318,0.201606843884231,0.23236259572939114,-0.2644143300222033,0.37135768932573354,0.22892197693313693,0.08408457133089288,0.06836939791957496,0.07956597680539504,-0.04602109460049737,-0.003591797113640345,0.12379687673520431,-0.12023022903117922,-0.01232237040400977,0.037306816323036535,0.24052005785866554,-0.16329279268009186,-0.22296626890781354,0.11122900670205804,0.1813760122063785,-0.11287274571718318,0.13395512372257443,0.14377206720601393,0.3047374589748732,0.08474350760097255,0.24078859471637093,0.16203089405110094,-0.08839415128061236,0.12007701536298089,0.1979424086888822,0.02970153987966305,0.13008335394959014,7.254328619247669,0.33616102005397697,0.11381008615806545
ROI_066,-0.3416958619273084,0.08511047556211089,-0.6760840794220888,0.6329387328534928,0.965900951052813,-0.4077731101627288,-0.5126354966722668,-0.6463061643231477,0.5536996300303824,0.5578012343834573,-0.5397686653188696,0.14471794136346539,0.13857153499018032,0.8307702710122714,-0.4488611820693889,-0.2782654118170247,0.5941198175984205,0.8016528364719263,-0.5661819465918021,-0.2632072961802398,-0.5970484444803685,0.44721155224459114,-0.6693614155676306,-0.3878601044173748,-0.36833668091483246,0.504451609113831,0.6462549933931672,-0.46101491551837026,0.4435776785370608,0.15991931899449935,0.944148464181833,-0.22628361662555013,-0.39436225516383727,0.558476279518322,0.9737387458337159,-0.028670491676719322,-0.16107053238977265,-0.3474606071781653,-0.46055467343681034,-0.7009359506307062,-0.4912951828131701,-0.728628647503862,0.5355535149854875,0.684928600820089,-0.7883541476723424,0.5644723919657635,0.7028019652513894,0.9654741381560775,-0.6222416303754765,-0.14824136488898843,0.8064303787450058,1.0029712111253795,-0.5817234897962883,0.06941396230214597,0.23037106720547704,0.49013816246803066,-0.4266023998713848,0.4090996363688331,-0.2636641527157036,0.056249551484112446,-0.10284912179675752,-0.06557411510914148,0.6597157109206375,1.170167429954283,0.3361610200539769,7.254328619247669,1.1107499125649356
ROI_067,-0.6746082410744064,-0.275771048867015,-1.1047811540612305,0.5334617216533486,1.2513957628036436,-0.8481636315474758,-0.689903994330836,-0.8274629917627436,0.6837963381926649,0.8169541685481323,-0.8968840341546157,0.1982233316479813,0.12739217567638486,0.9589422143935252,-0.7753296069543032,-0.2778428822474006,0.7172563920069107,0.7835778409775266,-0.8743118070014567,-0.6097529373374984,-0.8079289422488366,0.5902417434173549,-0.9607948032159394,-0.6576762775376824,-0.5631608659223751,0.4556503163600637,0.8354675430003189,-0.6566814177539166,0.33033983972989417,-0.013673756805857102,1.069586347222744,-0.3366067385752428,-0.7066486120850953,0.387952348674678,0.9531756283830775,0.1706963136045473,-0.5585677470101461,-0.7536336356799256,-0.7353120615084324,-1.1751873925276595,-0.8761095008990556,-1.0485586939976617,0.5319798270095877,0.8719024036173642,-1.1522705283105517,0.6458987242020451,0.613362569972091,0.966401409257442,-0.9041511222745077,-0.3498260779855716,0.7609529108937187,1.2030316842066748,-0.8669039933016005,-0.34672746074115235,-0.13028718612191328,0.41870496640441607,-0.8426941543509174,0.19326571540766113,-0.20688121119913352,-0.09941337883701808,-0.34922414080060676,-0.16957535339060545,0.45159449486601316,1.210546786833191,0.11381008615806545,1.1107499125649352,7.254328619247669
